Titolo,URL progetto,URL progetto risolve?,URL sito vetrina,URL sito vetrina risolve?,URL Anticamera,URL Anticamera risolve?,Provenance,KNOT URI,Parzialmente Inacessibile,NOTE,URL progetto First_Seen,URL progetto Last_Seen,URL progetto Status_Code,URL progetto Last_URL_Snapshot,URL sito vetrina First_Seen,URL sito vetrina Last_Seen,URL sito vetrina Status_Code,URL sito vetrina Last_URL_Snapshot
14-18 Documenti e immagini della Grande Guerra,http://www.14-18.it/progetto,TRUE,,FALSE,,FALSE,AIUCD,,FALSE,,2018-12-20 19:56:09,2024-08-09 16:11:42,200,https://web.archive.org/web/20240809161142/https://14-18.it/progetto/citazioni,NOTPROVIDED,NOTPROVIDED,NOTPROVIDED,
3d icons,http://3dicons.ceti.gr/,TRUE,,FALSE,,FALSE,Italian DH Institutions,,TRUE,,2014-09-08 02:09:58,2024-09-10 05:04:26,200,https://web.archive.org/web/20240910050426/http://3dicons.ceti.gr/index.php/3d-from-europeana,NOTPROVIDED,NOTPROVIDED,NOTPROVIDED,
3DHOP: 3D Heritage Online Presenter,http://vcg.isti.cnr.it/3dhop/,TRUE,,FALSE,,FALSE,DH Awards,,FALSE,,2014-06-05 09:33:38,2024-11-27 00:22:28,NOSTATUSCODE,https://web.archive.org/web/20241127002228/http://vcg.isti.cnr.it/3dhop/,NOTPROVIDED,NOTPROVIDED,NOTPROVIDED,
A Contribution for the Dissemination of Cultural Heritage Content to a Wider Public,http://ipsa.ipsa-project.org/,TRUE,http://ipsa.ipsa-project.org/,TRUE,,FALSE,IRCDL,,TRUE,,2022-01-20 15:44:19,2024-05-03 10:06:28,200,https://web.archive.org/web/20240503100628/http://ipsa.ipsa-project.org/ipsa-web/.97http://www.lancelot-project.pitt.edu/lancelot-project.html.98https://www.getty.edu/art/manuscripts/,2022-01-20 15:44:19,2024-05-03 10:06:28,200,https://web.archive.org/web/20240503100628/http://ipsa.ipsa-project.org/ipsa-web/.97http://www.lancelot-project.pitt.edu/lancelot-project.html.98https://www.getty.edu/art/manuscripts/
A Multi-layer Digital Library for Mediaeval Legal Manuscripts (Mosaico project),http://mosaico.cirsfid.unibo.it/,TRUE,,FALSE,,FALSE,IRCDL,,TRUE,,2013-05-08 14:14:18,2024-07-06 18:10:25,200,https://web.archive.org/web/20240706181025/http://mosaico.cirsfid.unibo.it/?page=manuscript-images-,NOTPROVIDED,NOTPROVIDED,NOTPROVIDED,
A Research Tool for the ERC-Funded EMoBookTrade project,http://emobooktrade.uniud.it/,FALSE,,FALSE,,FALSE,IRCDL,,FALSE,,2017-08-06 02:49:11,2020-05-20 07:50:03,NOSTATUSCODE,https://web.archive.org/web/20200520075003/http://emobooktrade.uniud.it/content/call-papers,NOTPROVIDED,NOTPROVIDED,NOTPROVIDED,
A Software Architecture for Narratives,https://dlnarratives.eu/narratives.html,FALSE,,FALSE,,FALSE,IRCDL,,FALSE,,2020-03-04 02:32:14,2024-07-24 19:14:38,200,https://web.archive.org/web/20240724191438/https://dlnarratives.eu/narratives.html,NOTPROVIDED,NOTPROVIDED,NOTPROVIDED,
Abruzzen und Molise,https://db.biblhertz.it/abruzzo/index.xml,TRUE,,FALSE,,FALSE,Italian DH Institutions,,FALSE,,2015-12-23 17:19:12,2024-06-27 11:30:22,200,https://web.archive.org/web/20240627113022/https://db.biblhertz.it/abruzzo/index.xml,NOTPROVIDED,NOTPROVIDED,NOTPROVIDED,
AGLIO Atlante Grammaticale della Lingua Italiana delle Origini,http://aglio.ovi.cnr.it/index.php,TRUE,,,,,KNOT,http://purl.org/knot/data/aglio-project,FALSE,,2020-08-13 11:52:35,2024-02-21 09:08:44,200,https://web.archive.org/web/20240221090844/http://aglio.ovi.cnr.it/index.php,NOTPROVIDED,NOTPROVIDED,NOTPROVIDED,
Alchimia di Jackson Pollock / Jackson Pollock: Alchemy in 3D,,TRUE,http://vcg.isti.cnr.it/alchemy/,TRUE,,FALSE,DH Awards,,FALSE,,NOTPROVIDED,NOTPROVIDED,NOTPROVIDED,,2015-02-23 04:46:54,2024-09-16 19:31:11,NOSTATUSCODE,https://web.archive.org/web/20240916193111/http://vcg.isti.cnr.it/alchemy/viewer/index.html
ALCIDE (Analysis of Language and Content In a Digital Environment),http://celct.fbk.eu:8080/Alcide_Demo/,FALSE,,FALSE,,FALSE,DH Awards,,FALSE,,2015-09-06 20:57:24,2020-02-24 23:54:23,NOSTATUSCODE,https://web.archive.org/web/20200224235423/http://celct.fbk.eu:8080/Alcide_Demo/login,NOTPROVIDED,NOTPROVIDED,NOTPROVIDED,
Alcide Digitale,https://alcidedigitale.fbk.eu/platform/,FALSE,,FALSE,,FALSE,Italian DH Institutions,,TRUE,,2021-10-24 19:02:52,2024-09-21 08:05:29,200,https://web.archive.org/web/20240921080529/https://alcidedigitale.fbk.eu/platform/?doc=2218,NOTPROVIDED,NOTPROVIDED,NOTPROVIDED,
Alessandro Manzoni,https://www.alessandromanzoni.org,TRUE,,FALSE,,FALSE,Italian DH Institutions,,FALSE,,2002-11-24 05:51:31,2024-12-26 01:35:32,200,https://web.archive.org/web/20241226013532/http://www.alessandromanzoni.org/biblioteca/esemplari/5614,NOTPROVIDED,NOTPROVIDED,NOTPROVIDED,
ALI Autografi dei Letterati Italiani,http://www.autografi.net/it/,TRUE,,,,,KNOT,http://purl.org/knot/data/ali-project,FALSE,,2017-10-22 06:23:17,2024-11-17 07:03:37,200,https://web.archive.org/web/20241117070337/http://www.autografi.net/it,NOTPROVIDED,NOTPROVIDED,NOTPROVIDED,
ALIM Archivio della Latinità Italiana del Medioevo,http://alim.unisi.it/,TRUE,,,,,KNOT,http://purl.org/knot/data/alim-project,FALSE,,2017-11-13 22:16:44,2025-01-01 13:15:17,200,https://web.archive.org/web/20250101131517/https://alim.unisi.it/,NOTPROVIDED,NOTPROVIDED,NOTPROVIDED,
Alpilink,https://alpilink.it/ascoltaeesplora/,TRUE,,FALSE,,FALSE,Italian DH Institutions,,FALSE,,2023-09-12 06:07:50,2024-09-07 16:35:43,200,https://web.archive.org/web/20240907163543/https://alpilink.it/ascoltaeesplora/,NOTPROVIDED,NOTPROVIDED,NOTPROVIDED,
Alpion,https://alpion.unict.it,TRUE,,FALSE,,FALSE,Italian DH Institutions,,FALSE,,2022-01-20 22:55:43,2024-09-10 23:54:37,200,https://web.archive.org/web/20240910235437/http://alpion.unict.it/,NOTPROVIDED,NOTPROVIDED,NOTPROVIDED,
AMiGre,,FALSE,http://amigre.upatras.gr/,TRUE,,FALSE,AIUCD,,FALSE,,NOTPROVIDED,NOTPROVIDED,NOTPROVIDED,,2017-08-08 07:50:57,2024-08-11 12:13:23,200,https://web.archive.org/web/20240811121323/https://amigre.upatras.gr/%CE%B5%CE%BA%CE%B4%CE%B7%CE%BB%CF%89%CF%83%CE%B5%CE%B9%CF%83-%CE%BA%CE%B1%CE%B9-%CF%81%CE%BF%CE%B7-%CE%B5%CF%81%CE%B3%CE%B1%CF%83%CE%B9%CF%89%CE%BD/
AMS Historica Unibo,https://historica.unibo.it/,TRUE,,,,,KNOT,http://purl.org/knot/data/ams-historica-project,FALSE,,2022-09-23 11:50:38,2025-01-03 15:28:21,200,https://web.archive.org/web/20250103152821/https://historica.unibo.it/favicon.ico,NOTPROVIDED,NOTPROVIDED,NOTPROVIDED,
"An IT Support for an Exhibition of Illuminated
Manuscripts",https://ipsa.dei.unipd.it/,FALSE,,FALSE,,FALSE,IRCDL,,FALSE,,2013-01-17 08:22:14,2021-03-02 15:44:47,NOSTATUSCODE,https://web.archive.org/web/20210302154447/http://ipsa.dei.unipd.it/,NOTPROVIDED,NOTPROVIDED,NOTPROVIDED,
Annote: A Serious Game for Medical Students to Approach Lesion Skin Images of a Digital Library,https://imagelab.ing.unimore.it/annoteProject,FALSE,,FALSE,,FALSE,IRCDL,,FALSE,,,,404,,NOTPROVIDED,NOTPROVIDED,NOTPROVIDED,
Archaide,http://www.archaide.eu/,FALSE,,,,,KNOT,http://purl.org/knot/data/archaide-project,FALSE,è necessario avere delle credenziali,2017-01-16 07:46:50,2024-01-27 00:49:54,NOSTATUSCODE,https://web.archive.org/web/20240127004954/http://www.archaide.eu/archaide-theme/scripts/main.js?update=107,NOTPROVIDED,NOTPROVIDED,NOTPROVIDED,
ArchiDATA - Archivio di (retro)datazioni lessicali,https://www.archidata.info/,TRUE,,,,,KNOT,http://purl.org/knot/data/archidata-project,FALSE,,2006-02-08 12:11:34,2024-12-02 18:20:10,200,https://web.archive.org/web/20241202182010/https://www.archidata.info/favicon.ico,NOTPROVIDED,NOTPROVIDED,NOTPROVIDED,
Archilet - archivio delle corrispondenze letterarie di età moderna,http://www.archilet.it/,TRUE,,,,,KNOT,http://purl.org/knot/data/archilet-project,FALSE,,2012-10-11 01:01:05,2024-12-17 20:47:10,200,https://web.archive.org/web/20241217204710/https://www.archilet.it/css/style.css,NOTPROVIDED,NOTPROVIDED,NOTPROVIDED,
Archilochus,,FALSE,https://www.clarin.eu/content/archilochus-paros-elegiac-fragments-xml-archive,TRUE,,FALSE,Italian DH Institutions,,FALSE,,NOTPROVIDED,NOTPROVIDED,NOTPROVIDED,,2021-09-28 11:44:14,2023-09-22 14:59:31,200,https://web.archive.org/web/20230922145931/https://www.clarin.eu/content/archilochus-paros-elegiac-fragments-xml-archive
Archivio della Latinità Italiana del Medioevo,http://en.alim.unisi.it/dl/fonti_documentarie,TRUE,,FALSE,,FALSE,AIUCD,,TRUE,,2017-10-21 04:10:58,2023-06-05 04:07:42,200,https://web.archive.org/web/20230605040742/http://en.alim.unisi.it/dl/fonti_documentarie,NOTPROVIDED,NOTPROVIDED,NOTPROVIDED,
Archivio digitale del Risorgimento in Sardegna,https://storia.dh.unica.it/archiviodigitalerisorgimento/,TRUE,,,,,KNOT,http://purl.org/knot/data/archivio-risorgimento-sardegna-project,FALSE,,2020-09-24 14:44:16,2024-11-26 22:16:19,200,https://web.archive.org/web/20241126221619/https://storia.dh.unica.it/archiviodigitalerisorgimento/contact,NOTPROVIDED,NOTPROVIDED,NOTPROVIDED,
Archivio Elettronico delle Opere di Carlo Emilio Gadda,http://dbtvm1.ilc.cnr.it/Gadda/,TRUE,,,,,KNOT,http://purl.org/knot/data/gadda-archive-project,TRUE,lo abbiamo già ma è interessante vedere i link diversi,2024-05-22 08:54:38,2024-06-28 17:03:05,200,https://web.archive.org/web/20240628170305/http://dbtvm1.ilc.cnr.it/Gadda/stile.css,NOTPROVIDED,NOTPROVIDED,NOTPROVIDED,
Archivio fonti orali,https://pric.unive.it/progetti/archivio-fonti-orali/home,TRUE,,FALSE,,FALSE,Italian DH Institutions,,FALSE,,2021-02-28 04:06:39,2024-12-04 07:06:04,200,https://web.archive.org/web/20241204070604/http://pric.unive.it/progetti/archivio-fonti-orali/home,NOTPROVIDED,NOTPROVIDED,NOTPROVIDED,
Archivio Musicale dell'Orchestra Sinfonica Nazionale della Rai,http://www.osn.teche.rai.it/Default.aspx,TRUE,,,,,KNOT,http://purl.org/knot/data/rai-orchestra-project,FALSE,,2016-09-05 16:31:30,2024-08-13 16:24:56,200,https://web.archive.org/web/20240813162456/http://www.osn.teche.rai.it/Default.aspx?lang=en,NOTPROVIDED,NOTPROVIDED,NOTPROVIDED,
Archivio storico fotografico Adolfo Venturi,https://digilab.uniroma1.it/risorse/archivio-storico-fotografico,FALSE,,FALSE,,FALSE,Italian DH Institutions,,TRUE,,2022-06-25 04:21:47,2024-06-16 02:06:21,403,https://web.archive.org/web/20240616020621/https://digilab.uniroma1.it/risorse/archivio-storico-fotografico,NOTPROVIDED,NOTPROVIDED,NOTPROVIDED,
Archivio Università Castrense,https://archivio.universitacastrense.eu/,TRUE,,FALSE,,FALSE,AIUCD,,TRUE,,2019-08-28 10:33:58,2025-01-01 09:18:11,200,https://web.archive.org/web/20250101091811/https://archivio.universitacastrense.eu/,NOTPROVIDED,NOTPROVIDED,NOTPROVIDED,
Archivio ViVo,,FALSE,https://www.clarin-it.it/it/content/archivio-vivo,TRUE,,FALSE,Italian DH Institutions,,FALSE,page not found,NOTPROVIDED,NOTPROVIDED,NOTPROVIDED,,2022-07-01 04:19:48,2024-08-06 00:46:49,NOSTATUSCODE,https://web.archive.org/web/20240806004649/https://www.clarin-it.it/it/content/archivio-vivo-presenta-la-viva-voce-della-voce
arco,http://wit.istc.cnr.it/arco/index.php?lang=en,TRUE,,FALSE,,FALSE,Italian DH Institutions,,FALSE,,2019-07-26 10:04:19,2024-05-24 15:36:07,200,https://web.archive.org/web/20240524153607/http://wit.istc.cnr.it/arco/index.php?lang=en,NOTPROVIDED,NOTPROVIDED,NOTPROVIDED,
artchives - the inventory of art historians’ archives,http://artchives.fondazionezeri.unibo.it/,TRUE,,FALSE,,FALSE,Italian DH Institutions,,FALSE,,2020-11-28 13:54:26,2024-12-31 12:03:35,200,https://web.archive.org/web/20241231120335/http://artchives.fondazionezeri.unibo.it/static/js/wikidata-sdk.min.js,NOTPROVIDED,NOTPROVIDED,NOTPROVIDED,
Artesia,http://artesia.ovi.cnr.it/,TRUE,,FALSE,,FALSE,Italian DH Institutions,,FALSE,,2013-01-22 01:20:04,2024-09-28 05:55:19,200,https://web.archive.org/web/20240928055519/http://artesia.ovi.cnr.it/(S(zcxovwwiwanvoydghgaxkgpc))/CatForm01.aspx,NOTPROVIDED,NOTPROVIDED,NOTPROVIDED,
Arts 01,https://digilab.uniroma1.it/ricerca/progetti-conclusi/arts-0-1,FALSE,,FALSE,,FALSE,Italian DH Institutions,,TRUE,,,,404,,NOTPROVIDED,NOTPROVIDED,NOTPROVIDED,
ASIt: Atlante Sintattico d’Italia,http://svrims2.dei.unipd.it:8080/asit-maldura/pages/search.jsp,TRUE,http://asit.maldura.unipd.it/,TRUE,,FALSE,AIUCD,,TRUE,,2013-12-16 00:21:39,2024-02-28 19:17:19,200,https://web.archive.org/web/20240228191719/http://svrims2.dei.unipd.it:8080/asit-maldura/pages/search.jsp,2011-05-01 22:38:39,2025-01-04 05:10:13,200,https://web.archive.org/web/20250104051013/http://asit.maldura.unipd.it/19GdD_Locandina.pdf
Atlante Lessicale Toscano,http://serverdbt.ilc.cnr.it/ALTWEB,TRUE,,,,,KNOT,http://purl.org/knot/data/alt-project,FALSE,,2007-07-27 12:07:23,2024-12-08 04:37:19,200,https://web.archive.org/web/20241208043719/http://serverdbt.ilc.cnr.it/altweb/RT_ALT-WEB_file/ico_help_2new.gif,NOTPROVIDED,NOTPROVIDED,NOTPROVIDED,
Atlante Storia MArittima della SArdegna,https://storia.dh.unica.it/asmsa/it,TRUE,,,,,KNOT,http://purl.org/knot/data/asmsa-project,FALSE,,2024-02-21 03:58:11,2024-09-12 00:15:19,200,https://web.archive.org/web/20240912001519/https://storia.dh.unica.it/asmsa/it/esplora-latlante/norme-e-istituzioni,NOTPROVIDED,NOTPROVIDED,NOTPROVIDED,
Atlas,https://dh-atlas.github.io/deliverables.html,FALSE,,FALSE,,FALSE,Italian DH Institutions,,TRUE,,,,200,,NOTPROVIDED,NOTPROVIDED,NOTPROVIDED,
Belle Greene,https://bellegreene.itatti.harvard.edu/,TRUE,,FALSE,,FALSE,Italian DH Institutions,,TRUE,è un tool ma espone anche due demo edizioni digitali. rientra,2023-08-20 23:24:18,2024-12-23 12:15:40,200,https://web.archive.org/web/20241223121540/https://bellegreene.itatti.harvard.edu/,NOTPROVIDED,NOTPROVIDED,NOTPROVIDED,
Bellini corrispondenza,http://bellinicorrespondence.cnr.it/,TRUE,,FALSE,,FALSE,AIUCD,,FALSE,,2022-01-20 21:32:38,2024-08-11 21:33:19,200,https://web.archive.org/web/20240811213319/http://bellinicorrespondence.cnr.it/,NOTPROVIDED,NOTPROVIDED,NOTPROVIDED,
BelliniInRete,,FALSE,http://bellininrete.istc.cnr.it/,TRUE,,FALSE,AIUCD,,FALSE,impossibile raggiungere il sito,NOTPROVIDED,NOTPROVIDED,NOTPROVIDED,,2024-04-29 08:55:41,2024-08-11 16:12:43,200,https://web.archive.org/web/20240811161243/https://bellininrete.istc.cnr.it/simboli/
Biblioteca Informatica dei Libri di Famiglia,https://bilf.ipertesti.it/,TRUE,,FALSE,,FALSE,Italian DH Institutions,,FALSE,,2022-09-30 20:26:19,2024-12-03 23:07:47,200,https://web.archive.org/web/20241203230747/https://bilf.ipertesti.it/,NOTPROVIDED,NOTPROVIDED,NOTPROVIDED,
Biblioteca Italiana,http://www.bibliotecaitaliana.it/,TRUE,,,,,KNOT,http://purl.org/knot/data/bib-ita-project,FALSE,,2002-02-03 09:34:32,2025-01-05 01:15:54,200,https://web.archive.org/web/20250105011554/http://www.bibliotecaitaliana.it/ScrittoriItalia/catalogo/browse/autore-autore.xq?autore=Parini,NOTPROVIDED,NOTPROVIDED,NOTPROVIDED,
Biflow: catalogo bilingue,https://catalogobiflow.vedph.it/,TRUE,,FALSE,,FALSE,Italian DH Institutions,,FALSE,,2021-06-29 08:01:26,2025-01-04 02:12:38,200,https://web.archive.org/web/20250104021238/http://catalogobiflow.vedph.it/,NOTPROVIDED,NOTPROVIDED,NOTPROVIDED,
Bradypus,https://bdus.cloud/,TRUE,,,,,KNOT,http://purl.org/knot/data/bradypus-project,TRUE,impossibile raggiungere il sito,2021-02-27 11:46:02,2024-12-08 06:44:57,200,https://web.archive.org/web/20241208064457/https://bdus.cloud/,NOTPROVIDED,NOTPROVIDED,NOTPROVIDED,
Carlo Goldoni,https://www.carlogoldoni.it/public/,TRUE,,,,,KNOT,http://purl.org/knot/data/goldoni-drammi-project,FALSE,è un sito vetrina,2016-05-27 06:14:33,2024-12-29 01:45:22,200,https://web.archive.org/web/20241229014522/http://www.carlogoldoni.it/public/testo/testo/codice/cantarin-A,NOTPROVIDED,NOTPROVIDED,NOTPROVIDED,
Carte d'autore online,https://www.cartedautore.it/,TRUE,,,,,KNOT,http://purl.org/knot/data/carte-autore-project,FALSE,,2014-08-10 16:44:11,2024-12-07 23:19:34,200,https://web.archive.org/web/20241207231934/https://www.cartedautore.it/,NOTPROVIDED,NOTPROVIDED,NOTPROVIDED,
Carteggio Ricci digital library,http://carteggiodiguerra.cnr.it/,TRUE,,,,,KNOT,http://purl.org/knot/data/carteggio-ricci-project,FALSE,,2022-03-16 09:18:54,2024-06-14 22:58:34,200,https://web.archive.org/web/20240614225834/http://carteggiodiguerra.cnr.it/,NOTPROVIDED,NOTPROVIDED,NOTPROVIDED,
"CASPAR: Cultural, Artistic and Scientific Knowledge for Preservation, Access and Retrieval","https://www.casparpreserves.eu/caspar-project.html#:~:text=CASPAR%20%2D%20Cultural%2C%20Artistic%20and%20Scientific,cultural%20and%20scientific%20resources%22).",TRUE,,FALSE,,FALSE,IRCDL,,FALSE,alcune visualizzazioni non sono accessibili tipo % 100 toponimi più frequenti,2011-01-30 05:51:19,2024-07-21 06:33:53,200,https://web.archive.org/web/20240721063353/http://www.casparpreserves.eu/caspar-project.html14,NOTPROVIDED,NOTPROVIDED,NOTPROVIDED,
catalogue,https://projects.dharc.unibo.it/knot/,TRUE,,FALSE,,FALSE,Italian DH Institutions,,FALSE,,2024-12-13 04:18:48,2024-12-15 07:15:46,200,https://web.archive.org/web/20241215071546/https://projects.dharc.unibo.it/knot/static/js/main.js,NOTPROVIDED,NOTPROVIDED,NOTPROVIDED,
Catalogus Philologorum Classicorum (CPhCl),http://www.aristarchus.unige.net/CPhCl/en/Home,TRUE,,,,,KNOT,http://purl.org/knot/data/cphci-project,FALSE,error 404 not found,2017-09-28 12:52:45,2024-07-21 13:01:09,200,https://web.archive.org/web/20240721130109/http://www.aristarchus.unige.net/CPhCl/en/Home,NOTPROVIDED,NOTPROVIDED,NOTPROVIDED,
Cipro,https://cipro.biblhertz.it/,TRUE,,FALSE,,FALSE,Italian DH Institutions,,FALSE,,2021-06-24 15:55:38,2024-12-04 21:25:56,200,https://web.archive.org/web/20241204212556/https://cipro.biblhertz.it/,NOTPROVIDED,NOTPROVIDED,NOTPROVIDED,
CLaSSES - Corpus for Latin Sociolinguistic Studies on Epigraphic textS,https://classes-latin-linguistics.fileli.unipi.it/en,TRUE,,,,,KNOT,http://purl.org/knot/data/classes-project,FALSE,,2020-10-23 21:57:04,2024-10-02 17:52:39,500,https://web.archive.org/web/20241002175239/http://classes-latin-linguistics.fileli.unipi.it/en,NOTPROVIDED,NOTPROVIDED,NOTPROVIDED,
Classici Dse (EVT viewer),https://www.classici-dse.com/,TRUE,,FALSE,,FALSE,Italian DH Institutions,,FALSE,,2021-11-29 17:14:13,2023-08-29 10:38:19,200,https://web.archive.org/web/20230829103819/http://classici-dse.com/,NOTPROVIDED,NOTPROVIDED,NOTPROVIDED,
Clavius Correspondence,http://claviusontheweb.it/lod,FALSE,,FALSE,,FALSE,AIUCD,,FALSE,,2022-01-19 23:34:09,2022-01-20 18:11:23,NOSTATUSCODE,https://web.archive.org/web/20220120181123/http://claviusontheweb.it/lod/css/main.css,NOTPROVIDED,NOTPROVIDED,NOTPROVIDED,
CLEF Ad-hoc: A Perspective on the Evolution of the Cross-Language Evaluation Forum,http://ims.dei.unipd.it/gridclef/,FALSE,,FALSE,,FALSE,IRCDL,,FALSE,,2008-11-09 07:48:28,2015-06-29 16:09:11,404,https://web.archive.org/web/20150629160911/http://ims.dei.unipd.it:80/gridclef/,NOTPROVIDED,NOTPROVIDED,NOTPROVIDED,
Clori - archivio della cantata italiana,https://cantataitaliana.it/,TRUE,,,,,KNOT,http://purl.org/knot/data/clori-project,FALSE,,2011-10-30 09:03:36,2024-12-29 00:55:12,200,https://web.archive.org/web/20241229005512/http://cantataitaliana.it/query_bid.php?id=2718,NOTPROVIDED,NOTPROVIDED,NOTPROVIDED,
CO.COR (COMPLIMENT CORPUS),http://www.cocor.eu/index.php,TRUE,,,,,KNOT,http://purl.org/knot/data/cocor-project,TRUE,,2020-12-30 05:20:10,2023-10-26 00:43:20,403,https://web.archive.org/web/20231026004320/http://cocor.eu/index.php,NOTPROVIDED,NOTPROVIDED,NOTPROVIDED,
Codex Atlanticus: exploring the largest exhisting collection of writings and drawings of Leonardo Da Vinci,https://codex-atlanticus.ambrosiana.it/#/,TRUE,,FALSE,,FALSE,Italian DH Institutions,,FALSE,,2022-06-21 22:27:33,2024-12-22 10:53:28,200,https://web.archive.org/web/20241222105328/http://codex-atlanticus.ambrosiana.it/,NOTPROVIDED,NOTPROVIDED,NOTPROVIDED,
Colonizzazioni interne e Migrazioni,https://storia.dh.unica.it/colonizzazioninterne/,TRUE,,,,,KNOT,http://purl.org/knot/data/col-interne-project,FALSE,"fa un redicrect, e poi impossibile raggiungere il sito",2020-09-24 14:17:44,2024-12-26 11:13:46,200,https://web.archive.org/web/20241226111346/https://storia.dh.unica.it/colonizzazioninterne/it/popolazionismi-regno-di-sardegna-xviii-mappa-dei-popolamenti,NOTPROVIDED,NOTPROVIDED,NOTPROVIDED,
Confluenze,https://confluenze.dev/,TRUE,,FALSE,,FALSE,Italian DH Institutions,,FALSE,mi sembra un sitovetrina e basta,2024-04-18 17:03:56,2024-12-24 12:32:22,200,https://web.archive.org/web/20241224123222/http://www.confluenze.dev/,NOTPROVIDED,NOTPROVIDED,NOTPROVIDED,
Controcultura,https://echaurren.biblhertz.it/PE.html,TRUE,,FALSE,,FALSE,Italian DH Institutions,,FALSE,,2021-08-03 22:56:58,2024-12-14 20:49:06,200,https://web.archive.org/web/20241214204906/https://echaurren.biblhertz.it/PE.html,NOTPROVIDED,NOTPROVIDED,NOTPROVIDED,
CoPhiLab: Collaborative and Cooperative Philology Lab,http://www.languagelibrary.eu/new_ewnui/,TRUE,,FALSE,,FALSE,Italian DH Institutions,,FALSE,,2017-06-12 00:33:27,2024-03-07 18:27:00,200,https://web.archive.org/web/20240307182700/http://www.languagelibrary.eu/new_ewnui/js/main.js,NOTPROVIDED,NOTPROVIDED,NOTPROVIDED,
Corago,http://corago.unibo.it/,TRUE,,,,,KNOT,http://purl.org/knot/data/corago-project,FALSE,,2013-10-05 19:43:16,2025-01-05 03:47:02,200,https://web.archive.org/web/20250105034702/https://corago.unibo.it/bundles/corago/images/libretti/MOe/70I026/10248/thumbs/10248_MOe70I026_03_0019.jpg,NOTPROVIDED,NOTPROVIDED,NOTPROVIDED,
Corago LOD,http://corago.unibo.it/lod,FALSE,,,,,KNOT,http://purl.org/knot/data/corago-lod-project,FALSE,,2022-06-07 08:53:46,2022-12-08 05:13:43,404,https://web.archive.org/web/20221208051343/http://corago.unibo.it/lod,NOTPROVIDED,NOTPROVIDED,NOTPROVIDED,
Corpus KIParla - L'italiano parlato e chi parla italiano,https://kiparla.it/,TRUE,,,,,KNOT,http://purl.org/knot/data/kiparla-project,TRUE,,2020-08-05 13:29:31,2024-11-16 08:55:14,NOSTATUSCODE,https://web.archive.org/web/20241116085514/https://www.kiparla.it/,NOTPROVIDED,NOTPROVIDED,NOTPROVIDED,
Corpus Rhythmorum Musicum,https://www.corimu.unisi.it/public/frontend/index,TRUE,,,,,KNOT,http://purl.org/knot/data/corimu-project,FALSE,,2021-07-25 00:28:35,2023-03-21 00:23:42,200,https://web.archive.org/web/20230321002342/https://www.corimu.unisi.it/public/frontend/index,NOTPROVIDED,NOTPROVIDED,NOTPROVIDED,
Creta Inscriptions,https://ilc4clarin.ilc.cnr.it/cretaninscriptions,FALSE,,FALSE,,FALSE,Italian DH Institutions,,TRUE,,2021-05-20 15:47:12,2024-05-20 13:26:17,404,https://web.archive.org/web/20240520132617/https://ilc4clarin.ilc.cnr.it/cretaninscriptions/en/search/?mentioned_institutions=Isopoliteia&mentioned_places=Etolia&period=Ellenistico&provenance=Axos&inscription_type=Trattato&start=0&area=Rethymno,NOTPROVIDED,NOTPROVIDED,NOTPROVIDED,
CRIA,https://cria.itatti.harvard.edu/,TRUE,,FALSE,,FALSE,Italian DH Institutions,,FALSE,,2016-12-12 16:51:06,2024-11-27 13:30:16,200,https://web.archive.org/web/20241127133016/https://cria.itatti.harvard.edu/robots.txt,NOTPROVIDED,NOTPROVIDED,NOTPROVIDED,
"Culturaitalia, the Italian National Content Aggregator in Europeana",http://dati.culturaitalia.it/,TRUE,,FALSE,,FALSE,IRCDL,,FALSE,,2013-06-22 13:23:09,2025-01-04 12:31:16,200,https://web.archive.org/web/20250104123116/http://dati.culturaitalia.it/lodView/oai-culturaitalia-it-museiditalia-work_63895.html,NOTPROVIDED,NOTPROVIDED,NOTPROVIDED,
CWALM,,FALSE,https://cwalm.ilc.cnr.it/,TRUE,,FALSE,Italian DH Institutions,,FALSE,,NOTPROVIDED,NOTPROVIDED,NOTPROVIDED,,2023-05-28 07:12:05,2024-12-18 14:31:08,200,https://web.archive.org/web/20241218143108/https://cwalm.ilc.cnr.it/
Czech-IT! Linguistic corpus of native Czech and Slovak learners acquiring Italian language,https://czech-it.github.io/,TRUE,,FALSE,,FALSE,AIUCD,,FALSE,explore page not working,2022-01-19 21:30:45,2024-03-04 11:16:06,200,https://web.archive.org/web/20240304111606/https://czech-it.github.io/,NOTPROVIDED,NOTPROVIDED,NOTPROVIDED,
D4Science: Infrastructure to Support the Definition and Operation of Virtual Research Environments,https://www.d4science.org/,TRUE,,FALSE,,FALSE,IRCDL,,FALSE,accessibile con credenziali,2008-02-08 12:48:10,2025-01-01 10:42:13,200,https://web.archive.org/web/20250101104213/http://d4science.org/,NOTPROVIDED,NOTPROVIDED,NOTPROVIDED,
Dal Libro alla Biblioteca (DaLiB),https://dalib.it/,TRUE,,,,,KNOT,http://purl.org/knot/data/dalib-project,FALSE,,2023-03-30 10:25:50,2024-12-26 17:19:36,200,https://web.archive.org/web/20241226171936/https://dalib.it/assets/js/mappe.js?v=823,NOTPROVIDED,NOTPROVIDED,NOTPROVIDED,
"dante depicted: a commentary on image, text, and exegesis around the commedia",https://dante.khi.fi.it/,TRUE,,FALSE,,FALSE,Italian DH Institutions,,FALSE,,2023-03-09 09:56:49,2024-12-18 04:57:14,200,https://web.archive.org/web/20241218045714/https://dante.khi.fi.it/,NOTPROVIDED,NOTPROVIDED,NOTPROVIDED,
Dante Search,https://dantesearch.dantenetwork.it/,TRUE,,,,,KNOT,http://purl.org/knot/data/dante-search-project,FALSE,,2020-08-11 23:56:14,2024-12-13 04:35:15,200,https://web.archive.org/web/20241213043515/http://dantesearch.dantenetwork.it/download.jsp,NOTPROVIDED,NOTPROVIDED,NOTPROVIDED,
Dante: A Web Application for the History of Art,https://dante.beniculturali.unipd.it/dante-web/,TRUE,,FALSE,,FALSE,AIUCD,,TRUE,non si riesce a scaricare i dataset,2022-01-22 13:54:32,2024-11-21 23:13:28,200,https://web.archive.org/web/20241121231328/https://dante.beniculturali.unipd.it/dante-web/,NOTPROVIDED,NOTPROVIDED,NOTPROVIDED,
DanteSources,https://dantesources.dantenetwork.it/index.html,TRUE,,FALSE,,FALSE,Italian DH Institutions,,FALSE,,2021-03-25 11:05:01,2024-07-14 05:26:19,200,https://web.archive.org/web/20240714052619/https://dantesources.dantenetwork.it/index.html,NOTPROVIDED,NOTPROVIDED,NOTPROVIDED,
Daphnet: Ancient Philosophy,http://ancientsource.daphnet.iliesi.cnr.it/,TRUE,http://www.daphnet.iliesi.cnr.it/,TRUE,,FALSE,AIUCD,,TRUE,,2022-09-24 20:41:09,2024-06-06 13:24:10,200,https://web.archive.org/web/20240606132410/http://ancientsource.daphnet.iliesi.cnr.it/css/tei_style.css,2021-09-28 17:31:43,2024-08-13 17:37:14,200,https://web.archive.org/web/20240813173714/http://www.daphnet.iliesi.cnr.it/css/images/bg_mainhead.jpg
Daphnet: Modern Philosophy,http://modernsource.daphnet.iliesi.cnr.it/,TRUE,http://www.daphnet.iliesi.cnr.it/,TRUE,,FALSE,AIUCD,,TRUE,,2022-10-01 13:30:27,2022-10-01 13:30:27,200,https://web.archive.org/web/20221001133027/http://modernsource.daphnet.iliesi.cnr.it/,2021-09-28 17:31:43,2024-08-13 17:37:14,200,https://web.archive.org/web/20240813173714/http://www.daphnet.iliesi.cnr.it/css/images/bg_mainhead.jpg
DASI: digital archive for the study of pre-islamic arabian inscriptions,https://dasi.cnr.it/,TRUE,,FALSE,,FALSE,Italian DH Institutions,,FALSE,,2018-12-20 23:04:20,2025-01-05 01:38:20,200,https://web.archive.org/web/20250105013820/https://dasi.cnr.it/de/cgi-bin/wsimg.pl?recId=1503&sessId=&size=med,NOTPROVIDED,NOTPROVIDED,NOTPROVIDED,
DB allegorico dantesco,https://www.databaseallegoricodantesco.it/archivio.php,TRUE,,FALSE,,FALSE,AIUCD,,FALSE,,2023-12-06 20:06:23,2024-03-01 13:09:05,200,https://web.archive.org/web/20240301130905/https://www.databaseallegoricodantesco.it/archivio.php,NOTPROVIDED,NOTPROVIDED,NOTPROVIDED,
dhdkey!,https://projects.dharc.unibo.it/dhdkey/,TRUE,,FALSE,,FALSE,Italian DH Institutions,,FALSE,,2021-04-30 23:09:42,2024-08-06 11:30:05,200,https://web.archive.org/web/20240806113005/https://projects.dharc.unibo.it/dhdkey/upload,NOTPROVIDED,NOTPROVIDED,NOTPROVIDED,
DIGESTO,http://dbtvm1.ilc.cnr.it/digesto/Digesto_Home.html,TRUE,,,,,KNOT,http://purl.org/knot/data/digesto-project,FALSE,ogni tanto qualche link dà pagina non trovata,2022-03-08 23:13:17,2023-03-27 21:10:32,200,https://web.archive.org/web/20230327211032/http://dbtvm1.ilc.cnr.it/digesto/Digesto_Home.html,NOTPROVIDED,NOTPROVIDED,NOTPROVIDED,
DigilibLT - Biblioteca digitale di testi latini tardoantichi,https://digiliblt.uniupo.it/index.php,TRUE,,,,,KNOT,http://purl.org/knot/data/digiliblt-project,FALSE,,2017-10-22 13:23:29,2024-11-08 16:15:04,NOSTATUSCODE,https://web.archive.org/web/20241108161504/http://digiliblt.uniupo.it/index.php?lang,NOTPROVIDED,NOTPROVIDED,NOTPROVIDED,
digilibLT: Biblioteca digitale di testi latini tardoantichi,http://www.digiliblt.unipmn.it/,TRUE,,FALSE,,FALSE,DH Awards,,TRUE,,2012-02-05 00:48:17,2024-05-11 14:29:16,NOSTATUSCODE,https://web.archive.org/web/20240511142916/http://digiliblt.unipmn.it/,NOTPROVIDED,NOTPROVIDED,NOTPROVIDED,
digital library (ficlit),https://dl.ficlit.unibo.it,TRUE,,FALSE,,FALSE,Italian DH Institutions,,FALSE,error 404,2022-05-17 03:57:57,2024-12-26 23:09:55,200,https://web.archive.org/web/20241226230955/https://dl.ficlit.unibo.it/s/lib/page/home,NOTPROVIDED,NOTPROVIDED,NOTPROVIDED,
Digital Library Pavia,https://www.bibliotecadigitale.unipv.eu/,TRUE,,,,,KNOT,http://purl.org/knot/data/digi-lib-pavia-project,FALSE,,2020-12-18 07:55:58,2025-01-05 03:10:55,200,https://web.archive.org/web/20250105031055/https://www.bibliotecadigitale.unipv.eu/,NOTPROVIDED,NOTPROVIDED,NOTPROVIDED,
digital photothek,http://photothek.khi.fi.it/?Language=en,TRUE,,FALSE,,FALSE,Italian DH Institutions,,FALSE,,2015-03-29 05:01:44,2023-07-08 20:16:30,200,https://web.archive.org/web/20230708201630/https://photothek.khi.fi.it/?Language=en,NOTPROVIDED,NOTPROVIDED,NOTPROVIDED,
digitizing the die kirchen von siena project,https://sienaproject.khi.fi.it/,TRUE,,FALSE,,FALSE,Italian DH Institutions,,FALSE,"li project url è più un sito vetrina, per visualizzare il modello 3d bisogna scaricare un software e un dataset in locale",2022-08-11 01:22:37,2024-12-14 05:03:16,200,https://web.archive.org/web/20241214050316/https://sienaproject.khi.fi.it/,NOTPROVIDED,NOTPROVIDED,NOTPROVIDED,
DOGE Percorsi Digitali,https://doge.unige.net/,TRUE,,,,,KNOT,http://purl.org/knot/data/doge-project,FALSE,il corpus è accessibile solo con credenziali,2022-01-26 16:15:57,2024-11-27 17:51:30,200,https://web.archive.org/web/20241127175130/https://doge.unige.net/handle/20.500.12732/18861,NOTPROVIDED,NOTPROVIDED,NOTPROVIDED,
DRIVER-II: Infrastructure to Support the Aggregation and Curation of Repositories Federation,,FALSE,https://www.driver-repository.eu/,TRUE,,FALSE,IRCDL,,FALSE,protocolo https non aggiornato,NOTPROVIDED,NOTPROVIDED,NOTPROVIDED,,2006-08-13 16:27:11,2024-12-27 17:24:29,200,https://web.archive.org/web/20241227172429/https://www.driver-repository.eu/Search/newest-first.html?searchphrase=any&searchword=Air%20pollution%20by%20ozone%20in%20Europe%20in%201998%20and%20summer%201999
e-rihs,https://www.e-rihs.eu/,TRUE,,FALSE,,FALSE,Italian DH Institutions,,FALSE,è un tool e nei deliverabels raccoglie alcuni risultati vari,2016-04-12 13:27:32,2024-12-27 20:21:15,200,https://web.archive.org/web/20241227202115/http://www.e-rihs.eu/prof-strlic-introduces-heritage-science-means/11,NOTPROVIDED,NOTPROVIDED,NOTPROVIDED,
Eagle Project,https://www.eagle-network.eu/basic-search/,TRUE,https://www.eagle-network.eu/basic-search/,FALSE,,FALSE,AIUCD,,FALSE,,2016-03-07 22:59:33,2024-09-09 11:47:46,200,https://web.archive.org/web/20240909114746/https://www.eagle-network.eu/basic-search/,2016-03-07 22:59:33,2024-09-09 11:47:46,200,https://web.archive.org/web/20240909114746/https://www.eagle-network.eu/basic-search/
Ebla Digital Archives,http://ebda.cnr.it/,TRUE,,FALSE,,FALSE,Italian DH Institutions,,FALSE,,2018-11-30 12:18:25,2024-12-16 10:04:22,200,https://web.archive.org/web/20241216100422/http://ebda.cnr.it/,NOTPROVIDED,NOTPROVIDED,NOTPROVIDED,
Ebla Digital Archives,http://ebda.cnr.it/index,TRUE,,,,,KNOT,http://purl.org/knot/data/ebla-project,FALSE,,2019-02-03 10:29:08,2024-09-26 17:51:32,200,https://web.archive.org/web/20240926175132/http://ebda.cnr.it/index,NOTPROVIDED,NOTPROVIDED,NOTPROVIDED,
Ecodigit,https://ecodigit.dtclazio.it/,FALSE,https://dtclazio.it/progetto-ecodigit,TRUE,,FALSE,AIUCD,,FALSE,,2020-11-28 18:52:12,2023-03-20 16:56:11,NOSTATUSCODE,https://web.archive.org/web/20230320165611/http://ecodigit.dtclazio.it/deliverable/EcoDigit_D1_3v2.pdf,,,403,
EDB: Knowledge Technologies for Ancient Greek and Latin Epigraphy,https://www.edb.uniba.it/,TRUE,,FALSE,,FALSE,IRCDL,,FALSE,problemi con javascript,2004-10-14 18:23:51,2024-12-08 06:00:34,NOSTATUSCODE,https://web.archive.org/web/20241208060034/https://www.edb.uniba.it/img/glyphicons-halflings-white.png,NOTPROVIDED,NOTPROVIDED,NOTPROVIDED,
EDF,http://edf.unive.it/,FALSE,,FALSE,,FALSE,Italian DH Institutions,,FALSE,,2019-09-09 13:09:34,2024-06-17 09:14:50,NOSTATUSCODE,https://web.archive.org/web/20240617091450/http://edf.unive.it/schede/pubblica/mostra/EDF001113,NOTPROVIDED,NOTPROVIDED,NOTPROVIDED,
edizione nazionale delle opere di aldo moro,https://aldomorodigitale.unibo.it/,TRUE,,FALSE,,FALSE,Italian DH Institutions,,FALSE,,2021-05-25 07:08:38,2024-12-18 20:02:52,200,https://web.archive.org/web/20241218200252/http://aldomorodigitale.unibo.it/,NOTPROVIDED,NOTPROVIDED,NOTPROVIDED,
EdMuse,https://edmuse.eu/edmuse-platform/,FALSE,,FALSE,,FALSE,Italian DH Institutions,,FALSE,,2017-12-15 04:18:47,2024-09-02 14:04:34,NOSTATUSCODE,https://web.archive.org/web/20240902140434/http://www.edmuse.eu/edmuse-platform/lessons/Water/water_edmuse.pdf,NOTPROVIDED,NOTPROVIDED,NOTPROVIDED,
EDV -  Epigraphic Database Vernacular,http://www.edvcorpus.com/wp/,TRUE,,,,,KNOT,http://purl.org/knot/data/edv-project,FALSE,,2019-11-11 01:16:32,2024-09-13 20:25:39,200,https://web.archive.org/web/20240913202539/http://www.edvcorpus.com/wp/link/,NOTPROVIDED,NOTPROVIDED,NOTPROVIDED,
"Eine römische Trilogie: Schudt, Caldana, Schlosser",https://dlib.biblhertz.it/guide/,TRUE,,FALSE,,FALSE,Italian DH Institutions,,FALSE,,,,200,,NOTPROVIDED,NOTPROVIDED,NOTPROVIDED,
ELA - Eurasian Latin Archive,http://ela.unisi.it/,TRUE,,,,,KNOT,http://purl.org/knot/data/ela-project,FALSE,,2021-12-17 00:20:52,2024-02-25 02:48:08,200,https://web.archive.org/web/20240225024808/http://ela.unisi.it/,NOTPROVIDED,NOTPROVIDED,NOTPROVIDED,
Elisa Chimenti,,FALSE,,FALSE,https://www.elisachimenti.org/accueildef.html,FALSE,AIUCD,,TRUE,protocolo https non aggiornato,NOTPROVIDED,NOTPROVIDED,NOTPROVIDED,,NOTPROVIDED,NOTPROVIDED,NOTPROVIDED,
Emodsar,http://corpora.unica.it/TEITOK/emodsar,FALSE,,FALSE,,FALSE,AIUCD,,FALSE,,2022-01-20 08:37:13,2023-09-25 00:54:34,NOSTATUSCODE,https://web.archive.org/web/20230925005434/http://corpora.unica.it/TEITOK/emodsar/index.php,NOTPROVIDED,NOTPROVIDED,NOTPROVIDED,
Enabling Services in Knowledge Infrastructures: The DRIVER Experience,,FALSE,https://www.driver-repository.eu/,TRUE,,FALSE,IRCDL,,FALSE,,NOTPROVIDED,NOTPROVIDED,NOTPROVIDED,,2006-08-13 16:27:11,2024-12-27 17:24:29,200,https://web.archive.org/web/20241227172429/https://www.driver-repository.eu/Search/newest-first.html?searchphrase=any&searchword=Air%20pollution%20by%20ozone%20in%20Europe%20in%201998%20and%20summer%201999
Epicum: Epigraphs of Castello Ursino Museum,http://epicum.istc.cnr.it/collezione/,TRUE,,FALSE,,FALSE,Italian DH Institutions,,FALSE,,2022-07-06 23:18:50,2024-09-14 21:57:55,200,https://web.archive.org/web/20240914215755/http://epicum.istc.cnr.it/collezione/,NOTPROVIDED,NOTPROVIDED,NOTPROVIDED,
Epigraphic Database Roma (EDR),http://www.edr-edr.it/default/index.php,TRUE,,,,,KNOT,http://purl.org/knot/data/edr-project,FALSE,,2017-02-24 03:00:58,2024-10-08 07:29:04,200,https://web.archive.org/web/20241008072904/http://www.edr-edr.it/default/index.php,NOTPROVIDED,NOTPROVIDED,NOTPROVIDED,
Epigraphs of Castello Ursino Museum,,FALSE,http://epicum.istc.cnr.it/,TRUE,,FALSE,AIUCD,,FALSE,non va protocollo javascript,NOTPROVIDED,NOTPROVIDED,NOTPROVIDED,,2021-09-02 14:27:30,2024-09-14 21:57:55,200,https://web.archive.org/web/20240914215755/http://epicum.istc.cnr.it/collezione/
Epistolario De Gasperi,https://epistolariodegasperi.it/#/,TRUE,,FALSE,,FALSE,Italian DH Institutions,,TRUE,traslocato https://alcidedigitale.fbk.eu/platform/,2019-05-09 14:20:35,2024-07-21 18:41:44,200,https://web.archive.org/web/20240721184144/https://www.epistolariodegasperi.it/,NOTPROVIDED,NOTPROVIDED,NOTPROVIDED,
Epistolario De Gasperi,https://www.epistolariodegasperi.it/#/archivio_digitale/lettere,TRUE,,FALSE,www.epistolariodegasperi.it,TRUE,AIUCD,,FALSE,,2019-05-09 14:20:35,2024-07-21 18:41:44,200,https://web.archive.org/web/20240721184144/https://www.epistolariodegasperi.it/,NOTPROVIDED,NOTPROVIDED,NOTPROVIDED,
Erbario di Aldovrandi,https://botanica.sma.unibo.it/aldrovandi/Explore,TRUE,,FALSE,https://botanica.sma.unibo.it/,TRUE,AIUCD,,FALSE,,2018-09-22 00:49:25,2024-09-14 05:05:43,200,https://web.archive.org/web/20240914050543/https://botanica.sma.unibo.it/aldrovandi/Explore,NOTPROVIDED,NOTPROVIDED,NOTPROVIDED,
"Establishing a Digital Library in Wide-Ranging University’s Context
The Sapienza Digital Library Experience",https://sapienzadigitallibrary.uniroma1.it/index.php/,TRUE,,FALSE,,FALSE,IRCDL,,FALSE,,2024-08-07 05:28:00,2024-12-02 09:07:39,200,https://web.archive.org/web/20241202090739/https://sapienzadigitallibrary.uniroma1.it/index.php/,NOTPROVIDED,NOTPROVIDED,NOTPROVIDED,
Europeana Eagle Project,https://www.eagle-network.eu/,TRUE,,FALSE,,FALSE,Italian DH Institutions,,FALSE,problemi col protocollo google maps,2013-01-28 03:32:48,2025-01-05 00:21:11,200,https://web.archive.org/web/20250105002111/https://www.eagle-network.eu/,NOTPROVIDED,NOTPROVIDED,NOTPROVIDED,
Exploring Semantic Archival Collections: The Case of Piłsudski Institute of America,http://arkivo-ontology.org/,FALSE,,FALSE,,FALSE,IRCDL,,FALSE,,2018-02-03 09:33:03,2018-07-27 16:21:12,NOSTATUSCODE,https://web.archive.org/web/20180727162112/http://arkivo-ontology.org/robots.txt,NOTPROVIDED,NOTPROVIDED,NOTPROVIDED,
Florentine Drawings,https://florentinedrawings.itatti.harvard.edu/,TRUE,,FALSE,,FALSE,Italian DH Institutions,,FALSE,error 404 not found,2017-03-23 09:40:04,2024-12-28 07:03:53,200,https://web.archive.org/web/20241228070353/https://florentinedrawings.itatti.harvard.edu/assets/no_auth/npm.lodash-de1de20e9c558f9ad102.js,NOTPROVIDED,NOTPROVIDED,NOTPROVIDED,
Flos,http://iu.di.unipi.it/flos/,TRUE,,FALSE,,FALSE,Italian DH Institutions,,FALSE,,2019-12-07 05:03:59,2022-05-19 01:17:10,200,https://web.archive.org/web/20220519011710/http://iu.di.unipi.it/flos/,NOTPROVIDED,NOTPROVIDED,NOTPROVIDED,
Fondazione fava,https://www.fondazionefava.it/archivio-di-giuseppe-fava/,TRUE,,FALSE,,FALSE,AIUCD,,TRUE,,2023-09-30 07:02:51,2024-12-13 06:13:26,200,https://web.archive.org/web/20241213061326/http://www.fondazionefava.it/archivio-di-giuseppe-fava/,NOTPROVIDED,NOTPROVIDED,NOTPROVIDED,
Foto,https://foto.biblhertz.it/,TRUE,,FALSE,,FALSE,Italian DH Institutions,,FALSE,,2007-12-18 20:03:19,2025-01-05 03:48:43,200,https://web.archive.org/web/20250105034843/https://foto.biblhertz.it/document/obj/08046042,NOTPROVIDED,NOTPROVIDED,NOTPROVIDED,
framester,https://framester.github.io/,TRUE,http://etna.istc.cnr.it/framester_web/,TRUE,,FALSE,Italian DH Institutions,,FALSE,,2024-04-17 22:31:51,2024-07-14 20:00:03,200,https://web.archive.org/web/20240714200003/https://framester.github.io/vendor/font-awesome/fonts/fontawesome-webfont.woff2?v=4.7.0,2022-10-07 03:05:03,2024-05-27 21:14:51,200,https://web.archive.org/web/20240527211451/http://etna.istc.cnr.it/framester_web/
FrancoBuffoni,,FALSE,https://www.francobuffoni.it/,TRUE,,FALSE,AIUCD,,FALSE,,NOTPROVIDED,NOTPROVIDED,NOTPROVIDED,,2007-09-27 22:55:42,2025-01-04 23:29:33,403,https://web.archive.org/web/20250104232933/https://www.francobuffoni.it/files/pdf/enzo_salerno_21_10_2020.pdf
FRED - Machine Reading for the Semantic Web,http://wit.istc.cnr.it/stlab-tools/fred/,TRUE,,,,,KNOT,http://purl.org/knot/data/fred-project,FALSE,,2012-07-15 01:08:17,2024-12-13 15:38:02,200,https://web.archive.org/web/20241213153802/http://wit.istc.cnr.it/stlab-tools/fred/demo/css/webfonts/fa-solid-900.woff2,NOTPROVIDED,NOTPROVIDED,NOTPROVIDED,
Galassia Ariosto,http://galassiaariosto.sns.it/,FALSE,,FALSE,,FALSE,DH Awards,,FALSE,,2017-09-30 16:52:43,2024-11-27 11:09:04,NOSTATUSCODE,https://web.archive.org/web/20241127110904/http://www.galassiaariosto.sns.it/opere/cinque-canti,NOTPROVIDED,NOTPROVIDED,NOTPROVIDED,
Galleria Borghese,https://galleriaborghese.beniculturali.it/,TRUE,,FALSE,,FALSE,Italian DH Institutions,,FALSE,,2010-07-22 07:22:55,2025-01-04 13:29:46,200,https://web.archive.org/web/20250104132946/https://galleriaborghese.beniculturali.it/,NOTPROVIDED,NOTPROVIDED,NOTPROVIDED,
Gesture Atlas,https://biblhertz.github.io/atlas/,TRUE,,FALSE,,FALSE,Italian DH Institutions,,FALSE,error 404,2020-09-06 21:49:35,2022-12-03 12:59:41,200,https://web.archive.org/web/20221203125941/http://biblhertz.github.io/atlas,NOTPROVIDED,NOTPROVIDED,NOTPROVIDED,
gigapixel images,https://virtualphotothek.khi.fi.it/gigapixel/,TRUE,,FALSE,,FALSE,Italian DH Institutions,,FALSE,,2022-08-31 15:41:18,2023-03-21 14:52:41,200,https://web.archive.org/web/20230321145241/https://virtualphotothek.khi.fi.it/gigapixel/projects/altare,NOTPROVIDED,NOTPROVIDED,NOTPROVIDED,
GRASPOS,,FALSE,https://graspos.eu/,TRUE,,FALSE,Italian DH Institutions,,FALSE,,NOTPROVIDED,NOTPROVIDED,NOTPROVIDED,,2023-04-05 01:42:41,2025-01-05 02:44:57,200,https://web.archive.org/web/20250105024457/https://graspos.eu/templates/yootheme/cache/8d/WOOC2025_Call_open-8d21e7e7.webp
Greek into Arabic,http://www.greekintoarabic.eu/index0b30.html,TRUE,,,,,KNOT,http://purl.org/knot/data/g2a-project,FALSE,,2020-07-13 05:03:21,2023-10-02 08:45:20,200,https://web.archive.org/web/20231002084520/http://greekintoarabic.eu/index0b30.html,NOTPROVIDED,NOTPROVIDED,NOTPROVIDED,
Greek Schools,https://viewer.greekschools.eu/,TRUE,https://www.ilc.cnr.it/progetti/greekschools-2/,TRUE,,FALSE,Italian DH Institutions,,FALSE,,2023-11-02 07:28:30,2024-12-09 06:22:36,200,https://web.archive.org/web/20241209062236/https://viewer.greekschools.eu/_app/immutable/assets/by-nc-sa.3ac8e968.svg,2023-06-09 18:22:52,2024-08-14 13:24:28,200,https://web.archive.org/web/20240814132428/https://www.ilc.cnr.it/progetti/greekschools-2/
Heinrich Wölfflin,https://editions.humanitiesconnect.pub/exist/apps/hwgw/index.html,TRUE,,FALSE,,FALSE,Italian DH Institutions,,FALSE,,,,200,,NOTPROVIDED,NOTPROVIDED,NOTPROVIDED,
Hertziana Rare Books Online,https://dlib.biblhertz.it/,TRUE,,FALSE,,FALSE,Italian DH Institutions,,FALSE,pagina non trovata,2017-04-12 15:39:57,2024-12-26 17:42:26,200,https://web.archive.org/web/20241226174226/http://dlib.biblhertz.it/ia/pdf/Ca-BER1921-2820.pdf,NOTPROVIDED,NOTPROVIDED,NOTPROVIDED,
Historical Digital Archive and Geo-referenced Contents of the Francigena Librari Web Portal,http://www.francigena.beniculturali.it/web/valit/il-progetto,FALSE,,FALSE,,FALSE,IRCDL,,FALSE,non è possibile visualizzare metadati né i testi che vogliono mostrare. Download non possibile.,2012-12-22 08:06:53,2015-07-07 01:31:20,NOSTATUSCODE,https://web.archive.org/web/20150707013120/http://www.francigena.beniculturali.it:80/web/valit/il-progetto;jsessionid=B3CFFECF808530A7C1ADC7C6DB18C0D2,NOTPROVIDED,NOTPROVIDED,NOTPROVIDED,
https://zuccaro.biblhertz.it/,https://zuccaro.biblhertz.it/,TRUE,,FALSE,,FALSE,Italian DH Institutions,,FALSE,è un sito vetrina (https://vision.artresearch.net/resource/start),2004-06-06 20:10:01,2024-12-10 07:24:24,200,https://web.archive.org/web/20241210072424/http://zuccaro.biblhertz.it/arrowBlank.gif,NOTPROVIDED,NOTPROVIDED,NOTPROVIDED,
Hyperpavese,https://www.hyperpavese.com/progetto.php,TRUE,,FALSE,,FALSE,AIUCD,,FALSE,sparql endpoint non accessibile,2021-10-24 10:18:42,2024-07-19 03:49:28,200,https://web.archive.org/web/20240719034928/https://www.hyperpavese.com/progetto.php,NOTPROVIDED,NOTPROVIDED,NOTPROVIDED,
I conti con la Storia: Le leggi razziali tra televisione e storiografia,http://www.iconticonlastoria.it,TRUE,,FALSE,,FALSE,DH Awards,,FALSE,,2021-01-08 14:32:52,2024-11-25 04:46:29,200,https://web.archive.org/web/20241125044629/https://iconticonlastoria.it/,NOTPROVIDED,NOTPROVIDED,NOTPROVIDED,
I LUOGHI DELLA CULTURA IN TOSCANA FINO AL 1325,https://atlas.mirabileweb.it/atlas,TRUE,,FALSE,,FALSE,AIUCD,,FALSE,,2023-06-05 04:07:28,2023-06-05 04:07:57,200,https://web.archive.org/web/20230605040757/http://atlas.mirabileweb.it/atlas,NOTPROVIDED,NOTPROVIDED,NOTPROVIDED,
I Tatti Digital Collection,https://collection.itatti.harvard.edu/,TRUE,,FALSE,,FALSE,Italian DH Institutions,,FALSE,protocollo https non implementato + file not found,2022-04-18 00:10:45,2024-12-27 00:17:53,200,https://web.archive.org/web/20241227001753/https://collection.itatti.harvard.edu/,NOTPROVIDED,NOTPROVIDED,NOTPROVIDED,
Idilli di Giacomo Leopardi,https://leopardi.ecdosys.org/en/Home/,TRUE,,,,,KNOT,http://purl.org/knot/data/idili-leopardi-project,FALSE,,2024-05-09 13:23:46,2024-05-09 13:24:10,200,https://web.archive.org/web/20240509132410/http://leopardi.ecdosys.org/en/Home/,NOTPROVIDED,NOTPROVIDED,NOTPROVIDED,
Illuminated Dante Project,https://www.dante.unina.it/idp/public/frontend,TRUE,,FALSE,,FALSE,Italian DH Institutions,,FALSE,error 404,2024-06-20 11:35:23,2024-12-08 04:08:30,200,https://web.archive.org/web/20241208040830/https://www.dante.unina.it/idp/public/frontend,NOTPROVIDED,NOTPROVIDED,NOTPROVIDED,
Illuminated Dante Project (IDP),https://www.dante.unina.it/ndp/public/frontend,TRUE,,FALSE,,FALSE,AIUCD,,FALSE,traslocato a https://www.unive.it/pag/44465/,2024-11-10 21:13:11,2024-12-12 14:45:03,200,https://web.archive.org/web/20241212144503/https://www.dante.unina.it/ndp/public/frontend,NOTPROVIDED,NOTPROVIDED,NOTPROVIDED,
In Codice Ratio: Machine Transcription of Medieval Manuscripts,https://www.inf.uniroma3.it/db/icr/,TRUE,,FALSE,,FALSE,IRCDL,,FALSE,,2018-05-03 15:16:58,2024-08-26 11:45:42,200,https://web.archive.org/web/20240826114542/http://www.inf.uniroma3.it/db/icr/preliminary-results.html,NOTPROVIDED,NOTPROVIDED,NOTPROVIDED,
Index Thomisticus Treebank,https://itreebank.marginalia.it/,TRUE,,FALSE,,FALSE,Italian DH Institutions,,FALSE,la funzione multilingua non funziona sempre,2008-12-17 15:41:46,2024-12-08 00:12:52,200,https://web.archive.org/web/20241208001252/https://itreebank.marginalia.it/view/lvl.php,NOTPROVIDED,NOTPROVIDED,NOTPROVIDED,
"IntraText dLib: digital library framework system based on distributed collaboration, e-mail interaction and easy to use text-to-xml facilities for editorial accuracy ",https://www.intratext.com/,TRUE,,FALSE,,FALSE,IRCDL,,TRUE,,2000-02-29 04:38:37,2025-01-05 03:25:13,200,https://web.archive.org/web/20250105032513/http://www.intratext.com/Catalogo/Autori/Aut568.HTM,NOTPROVIDED,NOTPROVIDED,NOTPROVIDED,
"Italian Natural Language Processing Lab
",http://www.italianlp.it/demo/linguistic-annotation-tool/,TRUE,,,,,KNOT,http://purl.org/knot/data/lingua-project,FALSE,,2014-07-12 10:58:42,2024-09-06 12:14:11,200,https://web.archive.org/web/20240906121411/http://www.italianlp.it/demo/linguistic-annotation-tool/2/,NOTPROVIDED,NOTPROVIDED,NOTPROVIDED,
L'Area Cimiteriale di San Matteo,https://sepolturesanmatteo.labcd.unipi.it/,TRUE,,,,,KNOT,http://purl.org/knot/data/cimi-san-matteo-project,FALSE,,2021-03-05 00:01:09,2024-06-19 07:59:27,200,https://web.archive.org/web/20240619075927/https://sepolturesanmatteo.labcd.unipi.it/?page_id=35,NOTPROVIDED,NOTPROVIDED,NOTPROVIDED,
LACAM Laboratory,https://lacam.di.uniba.it/activit/,FALSE,,FALSE,,FALSE,IRCDL,,FALSE,,2012-10-27 00:11:05,2021-12-01 23:50:46,NOSTATUSCODE,https://web.archive.org/web/20211201235046/http://lacam.di.uniba.it/activit/MBLabIT.html,NOTPROVIDED,NOTPROVIDED,NOTPROVIDED,
"Last Letters from the World Wars: Forming Italian Language, Identity and Memory in Texts of Conflict",https://www.ultimelettere.it/LastLetters/,TRUE,,FALSE,,FALSE,Italian DH Institutions,,FALSE,,2020-02-26 08:45:09,2024-06-14 10:38:33,200,https://web.archive.org/web/20240614103833/https://www.ultimelettere.it/LastLetters/wp-includes/js/mediaelement/mediaelement-migrate.min.js?ver=4.9.25,NOTPROVIDED,NOTPROVIDED,NOTPROVIDED,
Le Lettere di Alessandra Macinghi Strozzi,https://macinghi-strozzi.labdilef.it/,TRUE,,,,,KNOT,http://purl.org/knot/data/macinghi-strozzi-project,FALSE,,2022-06-30 16:45:39,2024-12-05 20:14:14,200,https://web.archive.org/web/20241205201414/https://macinghi-strozzi.labdilef.it/,NOTPROVIDED,NOTPROVIDED,NOTPROVIDED,
Le parole dell'arte. Accademia della crusca,https://mla.accademiadellacrusca.org/,TRUE,,FALSE,,FALSE,Italian DH Institutions,,FALSE,,2019-03-28 15:34:02,2024-12-06 19:21:20,200,https://web.archive.org/web/20241206192120/https://mla.accademiadellacrusca.org/Ricerca/Libera,NOTPROVIDED,NOTPROVIDED,NOTPROVIDED,
leggo manzoni,https://projects.dharc.unibo.it/leggomanzoni/,TRUE,,FALSE,,FALSE,Italian DH Institutions,,FALSE,,2024-04-04 05:56:58,2024-08-06 10:10:15,200,https://web.archive.org/web/20240806101015/https://projects.dharc.unibo.it/leggomanzoni/,NOTPROVIDED,NOTPROVIDED,NOTPROVIDED,
Lemlat,,FALSE,http://www.lemlat3.eu/,TRUE,,FALSE,Italian DH Institutions,,TRUE,accedere con credenziali,NOTPROVIDED,NOTPROVIDED,NOTPROVIDED,,2017-12-05 17:00:16,2024-12-08 00:52:13,200,https://web.archive.org/web/20241208005213/http://www.lemlat3.eu/
LIBERaBIT,https://www.liberabit.unisa.it/,TRUE,,,,,KNOT,http://purl.org/knot/data/liberabit-project,FALSE,,2022-09-19 18:31:15,2024-12-23 23:16:27,200,https://web.archive.org/web/20241223231627/https://liberabit.unisa.it/image/stats/start-bell.png,NOTPROVIDED,NOTPROVIDED,NOTPROVIDED,
Library Data Integration: the CoBiS Linked Open Data Project and Portal,https://dati.cobis.to.it/,TRUE,,FALSE,,FALSE,IRCDL,,FALSE,,2017-04-23 13:44:15,2025-01-05 03:50:57,200,https://web.archive.org/web/20250105035057/https://dati.cobis.to.it/agent/95a5yja38danymj585b5yc1t6ruk0cr,NOTPROVIDED,NOTPROVIDED,NOTPROVIDED,
Libretti d'opera,https://www.librettodopera.it/public/,TRUE,,,,,KNOT,http://purl.org/knot/data/libretti-opera-project,FALSE,,2016-09-06 17:23:02,2024-12-28 22:59:43,200,https://web.archive.org/web/20241228225943/http://www.librettodopera.it/public/css/default.css?random=676f1e0773da0,NOTPROVIDED,NOTPROVIDED,NOTPROVIDED,
"Linea: per un portale della letteratura italiana del
Novecento",https://linea.unict.it,TRUE,,FALSE,,FALSE,Italian DH Institutions,,FALSE,,2022-06-26 01:07:51,2023-06-09 20:17:14,200,https://web.archive.org/web/20230609201714/https://linea.unict.it/,NOTPROVIDED,NOTPROVIDED,NOTPROVIDED,
Lineamenta,https://fm.biblhertz.it/fmi/xsl/home.xsl?-token.proj=li,TRUE,,FALSE,,FALSE,Italian DH Institutions,,FALSE,,2020-08-20 06:02:20,2022-07-12 13:03:30,200,https://web.archive.org/web/20220712130330/http://fm.biblhertz.it/fmi/xsl/home.xsl?-token.proj=li,NOTPROVIDED,NOTPROVIDED,NOTPROVIDED,
Linking Latin,https://lila-erc.eu/LiLaLisp/,TRUE,,FALSE,https://lila-erc.eu/#about-1,TRUE,AIUCD,,FALSE,,2023-10-20 13:14:10,2024-12-09 10:21:39,200,https://web.archive.org/web/20241209102139/https://lila-erc.eu/LiLaLisp/,NOTPROVIDED,NOTPROVIDED,NOTPROVIDED,
Lodovico Media Library,https://lodovico.medialibrary.it/home/index.aspx,TRUE,,,,,KNOT,http://purl.org/knot/data/lodovico-project,FALSE,,2021-04-15 10:02:13,2025-01-02 14:02:56,200,https://web.archive.org/web/20250102140256/https://lodovico.medialibrary.it/home/index.aspx,NOTPROVIDED,NOTPROVIDED,NOTPROVIDED,
Manoscritti Italiani Volgari del 17° secolo,https://miv17.labdilef.it/,TRUE,,,,,KNOT,http://purl.org/knot/data/miv17-project,FALSE,,2023-01-28 07:31:05,2024-12-29 22:09:52,200,https://web.archive.org/web/20241229220952/https://miv17.labdilef.it/,NOTPROVIDED,NOTPROVIDED,NOTPROVIDED,
Mappa project,https://mappaproject.arch.unipi.it/mod/Index.php,TRUE,http://www.mappaproject.org/,TRUE,,,KNOT,http://purl.org/knot/data/mappa-open-project,FALSE,,2012-05-24 04:23:54,2024-08-28 20:39:02,200,https://web.archive.org/web/20240828203902/http://mappaproject.arch.unipi.it/mod/Index.php,2012-05-31 03:08:43,2024-11-26 17:19:55,200,https://web.archive.org/web/20241126171955/http://www.mappaproject.org/mod/
Maps and Gazetteers,https://maps.biblhertz.it/,TRUE,,FALSE,,FALSE,Italian DH Institutions,,FALSE,impossibile raggiungere il sito,2020-04-11 10:57:01,2024-12-18 20:28:36,200,https://web.archive.org/web/20241218202836/https://maps.biblhertz.it/,NOTPROVIDED,NOTPROVIDED,NOTPROVIDED,
Matilde Di Canossa,http://www.labcd.unipi.it/matildedicanossa,TRUE,,FALSE,,FALSE,Italian DH Institutions,,FALSE,,2021-03-19 07:48:28,2024-06-03 02:31:15,200,https://web.archive.org/web/20240603023115/https://www.labcd.unipi.it/matildedicanossa/js/main/interface_control/ic_search.js,NOTPROVIDED,NOTPROVIDED,NOTPROVIDED,
"mAuth - Mining Authoritativeness
in Art History",https://projects.dharc.unibo.it/mauth/search,TRUE,,,,,KNOT,http://purl.org/knot/data/mauth-project,TRUE,,2023-01-30 20:56:53,2023-09-27 18:55:49,406,https://web.archive.org/web/20230927185549/http://projects.dharc.unibo.it/mauth/search?uri_source=39794,NOTPROVIDED,NOTPROVIDED,NOTPROVIDED,
MaximHum,,FALSE,https://maximhum.fileli.unipi.it/,TRUE,,FALSE,AIUCD,,FALSE,,NOTPROVIDED,NOTPROVIDED,NOTPROVIDED,,2024-05-16 12:30:57,2024-12-02 13:52:54,200,https://web.archive.org/web/20241202135254/https://maximhum.fileli.unipi.it/wp-content/uploads/2024/11/Screenshot-2024-11-06-alle-18.16.39.png
melody. make me a linked open data story,https://projects.dharc.unibo.it/melody/,TRUE,,FALSE,,FALSE,Italian DH Institutions,,FALSE,"a volte carica tutte le lettere, a volte no",2022-10-06 19:12:07,2024-11-17 23:01:39,200,https://web.archive.org/web/20241117230139/http://projects.dharc.unibo.it/melody/musow/discover_music_data_on_the_web,NOTPROVIDED,NOTPROVIDED,NOTPROVIDED,
Memoria di guerra,http://www.memoriediguerra.it/,TRUE,,,,,KNOT,http://purl.org/knot/data/memorie-guerra-project,FALSE,,2016-12-18 23:50:19,2024-12-21 20:12:39,200,https://web.archive.org/web/20241221201239/http://www.memoriediguerra.it/images/ilc1.png,NOTPROVIDED,NOTPROVIDED,NOTPROVIDED,
Metadata as Semantic Palimpsests: The Case of PHAIDRA@unipd,https://phaidra.cab.unipd.it/info/impressum,TRUE,,FALSE,,FALSE,IRCDL,,FALSE,protocolo https non aggiornato,2014-12-18 21:57:50,2025-01-03 20:55:46,200,https://web.archive.org/web/20250103205546/https://phaidra.cab.unipd.it/info/impressum,NOTPROVIDED,NOTPROVIDED,NOTPROVIDED,
Metastasio,https://www.progettometastasio.it/public/,TRUE,,,,,KNOT,http://purl.org/knot/data/metastasio-drammi-project,FALSE,,2016-05-15 11:29:42,2024-12-20 13:10:41,200,https://web.archive.org/web/20241220131041/https://www.progettometastasio.it/public/css/default.css?random=676567d0b5952,NOTPROVIDED,NOTPROVIDED,NOTPROVIDED,
MultiMatch: A New Way to Access Cultural Heritage Information across Media and Language Boundaries,http://multimatch01.isti.cnr.it/,FALSE,http://www.multimatch.eu/,TRUE,,FALSE,IRCDL,,FALSE,,2010-02-11 15:43:24,2023-06-02 08:59:47,NOSTATUSCODE,https://web.archive.org/web/20230602085947/http://multimatch01.isti.cnr.it/,2006-07-16 07:19:54,2024-12-03 00:23:04,200,https://web.archive.org/web/20241203002304/http://multimatch.eu/docs/publications/contribution2.pdf
Musisque Deoque,http://www.mqdq.it/,TRUE,,FALSE,,FALSE,DH Awards,,FALSE,,2009-06-17 19:36:50,2024-12-28 14:41:43,200,https://web.archive.org/web/20241228144143/http://www.mqdq.it/mqdq/poetiditalia/contesto.jsp?ordinata=pf1,NOTPROVIDED,NOTPROVIDED,NOTPROVIDED,
Musisque Deoque: Un archivio digitale di poesia latina,https://www.mqdq.it/public/,FALSE,,FALSE,,FALSE,Italian DH Institutions,,FALSE,problemi con alcuni caricamenti,2016-01-20 20:58:22,2024-12-19 05:06:47,404,https://web.archive.org/web/20241219050647/https://www.mqdq.it/public/testo/testo/codice/OV%7Cmeta%7C001,NOTPROVIDED,NOTPROVIDED,NOTPROVIDED,
Musisque Deoque. Un archivio digitale di poesia latina,https://mizar.unive.it/mqdq/public/index,TRUE,,,,,KNOT,http://purl.org/knot/data/musisque-deoque-project,FALSE,,2018-08-07 19:00:18,2024-09-14 11:00:46,200,https://web.archive.org/web/20240914110046/https://mizar.unive.it/mqdq/public/index/collaboratori,NOTPROVIDED,NOTPROVIDED,NOTPROVIDED,
musow,http://projects.dharc.unibo.it/musow/,TRUE,,FALSE,,FALSE,Italian DH Institutions,,TRUE,connessione non privata (accessibile con wayback ma non funzionante),2021-11-17 13:32:50,2024-12-16 16:48:30,200,https://web.archive.org/web/20241216164830/http://projects.dharc.unibo.it/musow/,NOTPROVIDED,NOTPROVIDED,NOTPROVIDED,
mythlod,https://dharc-org.github.io/mythlod/,TRUE,,FALSE,,FALSE,Italian DH Institutions,,FALSE,"solo sito vetrina, il progetto verrà caricato presto (chiuso nel 2020)",2021-11-22 20:11:10,2024-12-15 08:28:31,200,https://web.archive.org/web/20241215082831/http://dharc-org.github.io/mythlod,NOTPROVIDED,NOTPROVIDED,NOTPROVIDED,
mythLOD,https://dharc-org.github.io/mythlod/static/mima.html,TRUE,,,,,KNOT,http://purl.org/knot/data/mythlod-project,FALSE,,2022-12-05 20:27:10,2024-04-18 19:33:59,200,https://web.archive.org/web/20240418193359/https://dharc-org.github.io/mythlod/static/mima.html,NOTPROVIDED,NOTPROVIDED,NOTPROVIDED,
Navigli Project,http://arcg.is/0vfWKj,TRUE,,FALSE,,FALSE,DH Awards,,FALSE,,2020-10-08 06:34:02,2024-07-09 08:39:23,200,https://web.archive.org/web/20240709083923/https://arcg.is/0vfWKj,NOTPROVIDED,NOTPROVIDED,NOTPROVIDED,
Noack,https://db.biblhertz.it/noack/noack.xml,TRUE,,FALSE,,FALSE,Italian DH Institutions,,TRUE,,2007-05-13 20:47:23,2024-04-30 03:08:52,200,https://web.archive.org/web/20240430030852/https://db.biblhertz.it/noack/noack.xml,NOTPROVIDED,NOTPROVIDED,NOTPROVIDED,
NumET,https://nuovomedioevo.it/numet-2/,FALSE,,FALSE,,FALSE,DH Awards,,FALSE,,2018-03-30 09:25:10,2021-10-22 16:05:12,NOSTATUSCODE,https://web.archive.org/web/20211022160512/https://www.nuovomedioevo.it/numet-2/,NOTPROVIDED,NOTPROVIDED,NOTPROVIDED,
Nuova Bilioteca Manoscritta,https://www.nuovabibliotecamanoscritta.it/,TRUE,,FALSE,,FALSE,Italian DH Institutions,,FALSE,,2006-01-10 22:55:45,2025-01-04 18:44:24,200,https://web.archive.org/web/20250104184424/http://www.nuovabibliotecamanoscritta.it/,NOTPROVIDED,NOTPROVIDED,NOTPROVIDED,
odi: uno studio su il castello dei destini incrociati di italo calvino,https://projects.dharc.unibo.it/odi/,TRUE,,FALSE,,FALSE,Italian DH Institutions,,FALSE,alcuni filtri di ricerca non sono più funzionanti,2023-11-29 02:07:18,2024-07-04 08:04:53,200,https://web.archive.org/web/20240704080453/http://projects.dharc.unibo.it/odi,NOTPROVIDED,NOTPROVIDED,NOTPROVIDED,
Odonomastica Femminile,http://www.labcd.unipi.it/odonomastica-femminile/,TRUE,,FALSE,,FALSE,Italian DH Institutions,,TRUE,non funziona,2022-05-18 16:23:35,2024-09-14 21:35:56,200,https://web.archive.org/web/20240914213556/http://www.labcd.unipi.it/odonomastica-femminile/navigazione-per-macroaree/sud-italia/,NOTPROVIDED,NOTPROVIDED,NOTPROVIDED,
Open Philology Project,,FALSE,http://openphilology.org/,TRUE,,FALSE,AIUCD,,FALSE,protocolo https non aggiornato,NOTPROVIDED,NOTPROVIDED,NOTPROVIDED,,2013-07-04 09:44:11,2018-01-05 11:10:34,200,https://web.archive.org/web/20180105111034/http://openphilology.org/logo2.jpg
OpenGadda,https://numgadda.github.io/OpenGadda/databasecolumnmerge.html,TRUE,,FALSE,,FALSE,AIUCD,,FALSE,,,,200,,NOTPROVIDED,NOTPROVIDED,NOTPROVIDED,
PAISÀ corpus italiano,https://www.corpusitaliano.it/en/index.html,TRUE,,,,,KNOT,http://purl.org/knot/data/paisa-project,FALSE,,2012-09-30 01:40:22,2024-06-21 17:18:31,200,https://web.archive.org/web/20240621171831/http://corpusitaliano.it/en/index.html,NOTPROVIDED,NOTPROVIDED,NOTPROVIDED,
Papyri.info,https://papyri.info/,TRUE,,FALSE,,FALSE,Italian DH Institutions,,FALSE,,2007-09-29 00:41:54,2025-01-05 02:58:59,200,https://web.archive.org/web/20250105025859/https://papyri.info/apis/columbia.apis.p421/json,NOTPROVIDED,NOTPROVIDED,NOTPROVIDED,
Parthenos Project,,FALSE,http://www.parthenos-project.eu/,TRUE,,FALSE,Italian DH Institutions,,FALSE,,NOTPROVIDED,NOTPROVIDED,NOTPROVIDED,,2015-03-08 19:46:22,2024-12-28 07:52:21,200,https://web.archive.org/web/20241228075221/https://www.parthenos-project.eu/parthenos-and-friends-at-dh2019
PARTIGIANI D'ITALIA,https://partigianiditalia.cultura.gov.it/,TRUE,,,,,KNOT,http://purl.org/knot/data/partigiani-italia-project,FALSE,,2022-12-10 14:40:07,2024-11-23 15:55:24,200,https://web.archive.org/web/20241123155524/https://partigianiditalia.cultura.gov.it/robots.txt,NOTPROVIDED,NOTPROVIDED,NOTPROVIDED,
PAThs - Archaeological Atlas of Coptic Literature,https://atlas.paths-erc.eu/,TRUE,,,,,KNOT,http://purl.org/knot/data/paths-project,FALSE,,2019-02-25 10:44:01,2025-01-04 07:45:15,200,https://web.archive.org/web/20250104074515/https://atlas.paths-erc.eu/,NOTPROVIDED,NOTPROVIDED,NOTPROVIDED,
PedeCerto - metrica latina digitale,https://www.pedecerto.eu/public/,FALSE,,,,,KNOT,http://purl.org/knot/data/pedecerto-project,FALSE,,2020-02-19 13:00:44,2024-11-28 11:51:56,404,https://web.archive.org/web/20241128115156/https://www.pedecerto.eu/public/scansioni/scansioni,NOTPROVIDED,NOTPROVIDED,NOTPROVIDED,
Pelavicino,http://pelavicino.labcd.unipi.it/,TRUE,,FALSE,,FALSE,Italian DH Institutions,,FALSE,,2015-12-25 00:43:10,2024-12-09 19:17:27,200,https://web.archive.org/web/20241209191727/http://pelavicino.labcd.unipi.it/evt/,NOTPROVIDED,NOTPROVIDED,NOTPROVIDED,
"Personalization in Digital Libraries: An Intelligent Service based on Semantic User Profiles
",http://193.204.187.223:8080/iswc rebuild/,FALSE,,FALSE,,FALSE,IRCDL,,FALSE,,NOTPROVIDED,NOTPROVIDED,NOTPROVIDED,,NOTPROVIDED,NOTPROVIDED,NOTPROVIDED,
Perspectiva,https://dlib.biblhertz.it/perspectiva/,TRUE,,FALSE,,FALSE,Italian DH Institutions,,TRUE,,,,200,,NOTPROVIDED,NOTPROVIDED,NOTPROVIDED,
Petrarca itinera,https://petrarchsitinera.github.io/,FALSE,,FALSE,,TRUE,AIUCD,,FALSE,,2023-06-05 04:07:41,2023-06-05 04:09:40,404,https://web.archive.org/web/20230605040940/https://petrarchsitinera.github.io/linee-guida/assets/css/style.css,NOTPROVIDED,NOTPROVIDED,NOTPROVIDED,
Petrarchive,https://dcl.luddy.indiana.edu/petrarchive/,TRUE,,FALSE,,FALSE,AIUCD,,FALSE,,2023-12-01 12:04:27,2025-01-03 21:39:48,200,https://web.archive.org/web/20250103213948/https://dcl.luddy.indiana.edu/petrarchive/css/fonts/andron_scriptor_web-webfont.woff,NOTPROVIDED,NOTPROVIDED,NOTPROVIDED,
Pharos,https://pharosartresearch.org/,TRUE,,FALSE,,FALSE,Italian DH Institutions,,FALSE,accesso negato,2016-10-30 05:04:38,2025-01-05 00:59:40,200,https://web.archive.org/web/20250105005940/http://pharosartresearch.org/,NOTPROVIDED,NOTPROVIDED,NOTPROVIDED,
philoeditor,http://projects.dharc.unibo.it/philoeditor/,TRUE,,FALSE,,FALSE,Italian DH Institutions,,FALSE,progetto in lavorazione (finisce nel maggio 2025),2021-12-17 00:19:11,2024-08-06 10:08:33,200,https://web.archive.org/web/20240806100833/https://projects.dharc.unibo.it/philoeditor/,NOTPROVIDED,NOTPROVIDED,NOTPROVIDED,
Pirandello nazionale,https://www.pirandellonazionale.it/opere/,TRUE,,FALSE,https://www.pirandellonazionale.it/,TRUE,AIUCD,,FALSE,,2017-12-18 06:45:48,2024-06-24 16:59:26,200,https://web.archive.org/web/20240624165926/https://www.pirandellonazionale.it/opere/,NOTPROVIDED,NOTPROVIDED,NOTPROVIDED,
Poichilia,https://poichilia.unict.it,TRUE,,FALSE,,FALSE,Italian DH Institutions,,FALSE,,2023-01-10 23:46:29,2024-08-13 15:17:15,200,https://web.archive.org/web/20240813151715/https://poichilia.unict.it/,NOTPROVIDED,NOTPROVIDED,NOTPROVIDED,
Predicting the Usability of the Dice CAPTCHA via Artificial Neural Network,https://sites.google.com/site/sites/system/errors/WebspaceNotFound?path=%2Falessiaamelio%2F+software-tools%2Fdice-captcha-dataset.,FALSE,,FALSE,,FALSE,IRCDL,,FALSE,,,,200,,NOTPROVIDED,NOTPROVIDED,NOTPROVIDED,
Progetto Mambrino,https://www.mambrino.it/it,TRUE,,FALSE,,FALSE,AIUCD,,FALSE,risolve ma poi dice 404,2019-08-22 11:12:00,2024-12-04 09:24:39,200,https://web.archive.org/web/20241204092439/https://www.mambrino.it/it,NOTPROVIDED,NOTPROVIDED,NOTPROVIDED,
Progetto TraMonti,http://www.tramontivaldivara.it/,FALSE,,FALSE,,FALSE,DH Awards,,TRUE,protocolo https non aggiornato,2013-02-03 03:21:43,2019-11-20 16:28:37,NOSTATUSCODE,https://web.archive.org/web/20191120162837/http://www.tramontivaldivara.it/wp-content/plugins/wp-postratings/images/stars/rating_over.gif,NOTPROVIDED,NOTPROVIDED,NOTPROVIDED,
Progetto viver,https://testi.progettoviver.it/,TRUE,,FALSE,,FALSE,AIUCD,,FALSE,,2023-12-06 14:48:12,2024-11-15 00:19:51,200,https://web.archive.org/web/20241115001951/https://testi.progettoviver.it/,NOTPROVIDED,NOTPROVIDED,NOTPROVIDED,
Project 3d Bridge,https://wissensgeschichte.biblhertz.it/3d-bridge-html/index3D.html,TRUE,,FALSE,,FALSE,Italian DH Institutions,,FALSE,,2007-06-25 05:33:59,2009-01-19 14:11:43,200,https://web.archive.org/web/20090119141143/http://wissensgeschichte.biblhertz.it:80/3d-bridge-html/index3D.html,NOTPROVIDED,NOTPROVIDED,NOTPROVIDED,
Ragu project,,FALSE,,FALSE,https://raguproject.github.io/,FALSE,AIUCD,,FALSE,,NOTPROVIDED,NOTPROVIDED,NOTPROVIDED,,NOTPROVIDED,NOTPROVIDED,NOTPROVIDED,
Ramusio,http://virgo.unive.it/ecf-workflow/books/Ramusio/main/intro.html,FALSE,,,,,KNOT,http://purl.org/knot/data/elec-ramusio-project,FALSE,,2015-08-29 08:43:51,2023-10-28 17:41:44,NOSTATUSCODE,https://web.archive.org/web/20231028174144/http://virgo.unive.it/ecf-workflow/books/Ramusio/main/intro.html,NOTPROVIDED,NOTPROVIDED,NOTPROVIDED,
Rara,https://rara.biblhertz.it/,TRUE,,FALSE,,FALSE,Italian DH Institutions,,FALSE,,2007-03-02 12:26:48,2024-12-29 21:49:56,200,https://web.archive.org/web/20241229214956/https://rara.biblhertz.it/right.png,NOTPROVIDED,NOTPROVIDED,NOTPROVIDED,
RDCI - Repertorio Digitale della Canzone Italiana,https://www.rdci.it/,TRUE,,,,,KNOT,http://purl.org/knot/data/repertorio-canzone-project,FALSE,,2021-06-17 07:23:58,2024-11-23 16:34:45,200,https://web.archive.org/web/20241123163445/https://www.rdci.it/,NOTPROVIDED,NOTPROVIDED,NOTPROVIDED,
Regional Research Portal FVG: an OpenScience portal,https://research.unityfvg.it/,FALSE,,FALSE,,FALSE,IRCDL,,FALSE,,2018-01-20 19:44:41,2024-03-29 04:05:40,503,https://web.archive.org/web/20240329040540/https://research.unityfvg.it/cris/rp/rp35561/info.html?sort_byjournal=2&orderjournal=DESC&open=journal,NOTPROVIDED,NOTPROVIDED,NOTPROVIDED,
Registri Monterosso,https://registrimonterosso.labcd.unipi.it/,TRUE,,FALSE,,FALSE,AIUCD,,FALSE,,2021-09-01 18:05:13,2024-09-15 04:10:06,200,https://web.archive.org/web/20240915041006/https://registrimonterosso.labcd.unipi.it/paginaRegistrazione.php,NOTPROVIDED,NOTPROVIDED,NOTPROVIDED,
Repim,https://repim.itatti.harvard.edu/,TRUE,,FALSE,,FALSE,AIUCD,,FALSE,,2022-01-20 21:30:05,2024-11-23 10:35:43,200,https://web.archive.org/web/20241123103543/https://repim.itatti.harvard.edu/resource/repim:formSearch,NOTPROVIDED,NOTPROVIDED,NOTPROVIDED,
RePIM - Repertorio della Poesia Italiana in Musica,https://repim.itatti.harvard.edu/resource/repim:formSearch,TRUE,,,,,KNOT,http://purl.org/knot/data/repim-project,FALSE,,2023-06-07 17:44:19,2024-11-23 10:35:43,200,https://web.archive.org/web/20241123103543/https://repim.itatti.harvard.edu/resource/repim:formSearch,NOTPROVIDED,NOTPROVIDED,NOTPROVIDED,
ROADS,,FALSE,https://csc.dei.unipd.it/roads-project/index.html,TRUE,,FALSE,Italian DH Institutions,,FALSE,404 page not found,NOTPROVIDED,NOTPROVIDED,NOTPROVIDED,,,,200,
S. Michele Arcangelo di Pegazzano,https://sanmichelepegazzano.labcd.unipi.it/,TRUE,,,,,KNOT,http://purl.org/knot/data/pegazzano-project,FALSE,,2020-01-02 22:53:43,2024-09-19 13:37:48,200,https://web.archive.org/web/20240919133748/https://sanmichelepegazzano.labcd.unipi.it/wp-content/plugins/sticky-menu-or-anything-on-scroll/assets/js/jq-sticky-anything.min.js?ver=2.1.1,NOTPROVIDED,NOTPROVIDED,NOTPROVIDED,
SACHER: Smart Architecture for Cultural Heritage in Emilia Romagna,http://www.sacherproject.com/,FALSE,,FALSE,,FALSE,IRCDL,,FALSE,,2018-04-26 17:11:47,2024-06-13 12:20:08,NOSTATUSCODE,https://web.archive.org/web/20240613122008/http://www.sacherproject.com/materiali%E2%80%A2,NOTPROVIDED,NOTPROVIDED,NOTPROVIDED,
semantic digital edition of paolo bufalini’s notebook,http://projects.dharc.unibo.it/bufalini-notebook/,TRUE,,FALSE,,FALSE,Italian DH Institutions,,FALSE,,2020-11-21 23:26:27,2024-11-27 03:31:22,200,https://web.archive.org/web/20241127033122/https://projects.dharc.unibo.it/bufalini-notebook/indexes,NOTPROVIDED,NOTPROVIDED,NOTPROVIDED,
semantic digital edition of vespasiano da bisticci’s letters,http://projects.dharc.unibo.it/vespasiano/,TRUE,,FALSE,,FALSE,Italian DH Institutions,,FALSE,,2020-12-04 15:42:31,2024-08-12 22:36:27,200,https://web.archive.org/web/20240812223627/http://projects.dharc.unibo.it/vespasiano/letters/42,NOTPROVIDED,NOTPROVIDED,NOTPROVIDED,
SERICA,https://serica.unipi.it/,TRUE,,,,,KNOT,http://purl.org/knot/data/serica-project,FALSE,,2022-09-04 17:16:37,2024-09-25 18:42:47,NOSTATUSCODE,https://web.archive.org/web/20240925184247/http://serica.unipi.it/ricerca-avanzata,NOTPROVIDED,NOTPROVIDED,NOTPROVIDED,
SIAR: A User-Centric Digital Archive System,https://siar.regione.veneto.it/,TRUE,,FALSE,,FALSE,IRCDL,,FALSE,,2017-07-17 20:59:07,2024-12-19 01:11:02,200,https://web.archive.org/web/20241219011102/http://siar.regione.veneto.it/favicon.ico,NOTPROVIDED,NOTPROVIDED,NOTPROVIDED,
Siena map,https://db.biblhertz.it/siena/siena.xql,TRUE,,FALSE,,FALSE,Italian DH Institutions,,FALSE,,2019-01-14 14:24:44,2024-09-18 06:28:10,200,https://web.archive.org/web/20240918062810/https://db.biblhertz.it/siena/siena.xql,NOTPROVIDED,NOTPROVIDED,NOTPROVIDED,
śivadharma database,,FALSE,https://shivadharmaproject.com/the-sivadhama-infrastructure-modeling-a-web-application-for-managing-scholarly-data/,TRUE,,FALSE,Italian DH Institutions,,FALSE,ricerca per parole non va,NOTPROVIDED,NOTPROVIDED,NOTPROVIDED,,,,406,
Spatial,https://dlib.biblhertz.it/spatial/,TRUE,,FALSE,,FALSE,Italian DH Institutions,,FALSE,,,,200,,NOTPROVIDED,NOTPROVIDED,NOTPROVIDED,
Staccioli,https://staccioli.biblhertz.it/resource/,TRUE,,FALSE,,FALSE,Italian DH Institutions,,FALSE,,2024-04-14 01:51:27,2024-12-15 03:34:53,200,https://web.archive.org/web/20241215033453/https://staccioli.biblhertz.it/resource/Default:Start,NOTPROVIDED,NOTPROVIDED,NOTPROVIDED,
Storia dei Carabinieri,https://www.spreaker.com/show/storia-dei-carabinieri,TRUE,,FALSE,,FALSE,DH Awards,,TRUE,sito non raggiungibile,2020-11-01 01:10:00,2023-10-05 08:35:21,404,https://web.archive.org/web/20231005083521/https://www.spreaker.com/show/storia-dei-carabinieri,NOTPROVIDED,NOTPROVIDED,NOTPROVIDED,
Stragi Nazifasciste,https://www.straginazifasciste.it/,TRUE,,FALSE,,FALSE,AIUCD,,FALSE,,2016-04-10 06:52:57,2025-01-03 17:07:18,200,https://web.archive.org/web/20250103170718/https://www.straginazifasciste.it/?lang=en,NOTPROVIDED,NOTPROVIDED,NOTPROVIDED,
studiolo belfiore,https://studiolobelfiore.unibo.it/,FALSE,,,,,KNOT,http://purl.org/knot/data/belfiore-project,FALSE,,2022-01-09 21:57:51,2024-12-06 20:57:31,NOSTATUSCODE,https://web.archive.org/web/20241206205731/https://studiolobelfiore.unibo.it/wp-content/plugins/elementor/assets/lib/font-awesome/css/font-awesome.min.css?ver=4.7.0,NOTPROVIDED,NOTPROVIDED,NOTPROVIDED,
Tebtynis: fragmentary voices from the past,http://www.papirologia.unipr.it/ricerca/CPGM/index.html,FALSE,,FALSE,,FALSE,Italian DH Institutions,,FALSE,,,,404,,NOTPROVIDED,NOTPROVIDED,NOTPROVIDED,
The “Verbo-Visual Virtual” Platform,https://www.verbovisualevirtuale.org/,TRUE,,FALSE,,FALSE,AIUCD,,TRUE,,2016-04-24 11:51:24,2024-11-27 12:05:22,NOSTATUSCODE,https://web.archive.org/web/20241127120522/http://www.verbovisualevirtuale.org/pdf/Ciclo_di_conferenze_parola_immagine_1a_parte.pdf,NOTPROVIDED,NOTPROVIDED,NOTPROVIDED,
"The Archivio dei Possessori of the Biblioteca Nazionale
Marciana. A Provenance Database",https://archiviopossessori.it/,TRUE,,FALSE,,FALSE,IRCDL,,FALSE,,2021-07-14 13:31:41,2025-01-04 20:38:18,200,https://web.archive.org/web/20250104203818/https://archiviopossessori.it/sites/default/files/css/css_nocoDJ2KVzU7Dyxf_1SRKXPmdn5p86jnz7BeWrtrLgE.css?delta=1&language=it&theme=possessori&include=eJxtjkEOwyAMBD8E4UkIiEWQsI1Y0yi_T9VLq6iXveyOZnHBiENOIJdVDTbTiDnN2TTUrjl1D7t6k-qGAgTobOE7Lbv8Fg-k6KRQlIcKiWF7KrxnkhWL9sUC92p0InxyY91X_3OK36ZUCfE8mtEN4otMsA,NOTPROVIDED,NOTPROVIDED,NOTPROVIDED,
The AstroBID: Preserving and Sharing the Italian Astronomical Heritage.,www.beniculturali.inaf.it,TRUE,,FALSE,,FALSE,IRCDL,,FALSE,,2015-09-26 14:37:51,2025-01-05 03:55:20,200,https://web.archive.org/web/20250105035520/http://www.beniculturali.inaf.it/biblioteche/torino/,NOTPROVIDED,NOTPROVIDED,NOTPROVIDED,
The Biographical Dictionary of Friulans -“Nuovo Liruti” On-Line,https://www.dizionariobiograficodeifriulani.it/,TRUE,,FALSE,,FALSE,IRCDL,,FALSE,,2017-04-06 20:16:28,2025-01-05 03:34:00,200,https://web.archive.org/web/20250105033400/https://www.dizionariobiograficodeifriulani.it/marzuttini-giuseppe-onorio/,NOTPROVIDED,NOTPROVIDED,NOTPROVIDED,
"The Challenges of Building Ex Libris Rosetta, a Digital Preservation System",https://exlibrisgroup.com/products/rosetta-digital-asset-management-and-preservation/,FALSE,,FALSE,,FALSE,IRCDL,,TRUE,protocolo https non aggiornato,2018-02-03 22:25:00,2024-11-16 19:14:58,404,https://web.archive.org/web/20241116191458/https://exlibrisgroup.com/products/rosetta-digital-asset-management-and-preservation/,NOTPROVIDED,NOTPROVIDED,NOTPROVIDED,
The digital lab of “crunched books”: explore and annotate the classics,http://cbook.it/en/,FALSE,,FALSE,,FALSE,DH Awards,,FALSE,,2015-02-22 12:00:23,2024-01-19 14:03:36,NOSTATUSCODE,https://web.archive.org/web/20240119140336/http://www.cbook.it/en,NOTPROVIDED,NOTPROVIDED,NOTPROVIDED,
"The European Project OpenUP: OPENing UP new Methods, Indicators and Tools for Peer Review, Impact Measurement and Dissemination of Research Results",https://www.openuphub.eu/,FALSE,,FALSE,,FALSE,IRCDL,,FALSE,Adobe Flash Player,2017-06-05 00:00:23,2024-12-04 02:58:28,NOSTATUSCODE,https://web.archive.org/web/20241204025828/https://www.openuphub.eu/disseminate/guidelines/expert-tips,NOTPROVIDED,NOTPROVIDED,NOTPROVIDED,
The Falconieri Project,https://falconieri.medici.org/Mia/LoginUser.do,TRUE,,FALSE,,FALSE,Italian DH Institutions,,TRUE,richiede registrazione,2020-10-25 22:19:50,2024-09-11 23:45:11,200,https://web.archive.org/web/20240911234511/https://falconieri.medici.org/Mia/LoginUser.do;jsessionid=775C536A7016D428460A240C7AF0DE9E,NOTPROVIDED,NOTPROVIDED,NOTPROVIDED,
The Medici Archive Project,http://bia.medici.org/,TRUE,,FALSE,,FALSE,DH Awards,,TRUE,,2012-12-31 16:41:31,2024-12-19 11:06:40,200,https://web.archive.org/web/20241219110640/http://bia.medici.org/Mia/LoginUser.do,NOTPROVIDED,NOTPROVIDED,NOTPROVIDED,
The Medieval Kingdom of Sicily Image Database,https://koseodiah.org/index.php,TRUE,,FALSE,,FALSE,AIUCD,,FALSE,,2023-11-04 02:17:11,2025-01-01 21:59:28,200,https://web.archive.org/web/20250101215928/https://koseodiah.org/index.php,NOTPROVIDED,NOTPROVIDED,NOTPROVIDED,
The medieval kingdom of Sicily: image database,https://koseodiah.org/mapofkingdom.php,TRUE,,FALSE,,FALSE,Italian DH Institutions,,TRUE,"è stato internalizzato, forse, dal 2020 e ci si può accedere con VPN (forse)",2024-08-09 06:52:16,2024-08-09 06:52:16,200,https://web.archive.org/web/20240809065216/https://koseodiah.org/mapofkingdom.php,NOTPROVIDED,NOTPROVIDED,NOTPROVIDED,
The nuncio's secret archives,,FALSE,https://nsa.unipr.it,TRUE,,FALSE,Italian DH Institutions,,FALSE,,NOTPROVIDED,NOTPROVIDED,NOTPROVIDED,,2021-08-22 18:54:26,2024-12-09 10:59:22,200,https://web.archive.org/web/20241209105922/https://nsa.unipr.it/
The Sound of St Mark's,http://vmo.unive.it/choirbooks/,FALSE,,,,,KNOT,http://purl.org/knot/data/sound-stmark-project,FALSE,,2018-04-30 07:50:10,2024-11-25 08:12:18,NOSTATUSCODE,https://web.archive.org/web/20241125081218/http://vmo.unive.it/choirbooks/files/square_thumbnails/2de5ae776ee428b0e8224d620b200308.jpg,NOTPROVIDED,NOTPROVIDED,NOTPROVIDED,
The TRAME Project - Text and Manuscript Transmission of the Middle Ages in Europe,http://git-trame.fefonlus.it/,TRUE,,FALSE,,FALSE,IRCDL,,FALSE,,2014-11-22 09:41:28,2024-09-11 03:18:51,200,https://web.archive.org/web/20240911031851/http://git-trame.fefonlus.it/,NOTPROVIDED,NOTPROVIDED,NOTPROVIDED,
The Vercelli Book,http://vbd.humnet.unipi.it/beta2/,TRUE,,FALSE,,FALSE,Italian DH Institutions,,FALSE,alcune immagini non vengono caricate,2016-03-26 12:43:08,2024-12-13 03:23:06,200,https://web.archive.org/web/20241213032306/http://vbd.humnet.unipi.it/beta2/,NOTPROVIDED,NOTPROVIDED,NOTPROVIDED,
"Toward an Audio Digital Library 2.0: SMASH, a Social Music Archive of SHellac Phonographic Discs",https://avires.dimi.uniud.it/tmp/DL/Experimental_Results.html,FALSE,,FALSE,,FALSE,IRCDL,,TRUE,protocolo https non aggiornato,2024-04-15 09:19:38,2024-04-16 19:25:36,NOSTATUSCODE,https://web.archive.org/web/20240416192536/http://avires.dimi.uniud.it/tmp/DL/Experimental_Results.htmlAs,NOTPROVIDED,NOTPROVIDED,NOTPROVIDED,
TRANSSCRIPT,,FALSE,https://anr.fr/Project-ANR-14-CE31-0022,TRUE,,FALSE,AIUCD,,FALSE,protocolo https non aggiornato,NOTPROVIDED,NOTPROVIDED,NOTPROVIDED,,,,200,
"TrebleCLEF: Evaluation, Best Practices and Collaboration for Multilingual Access",https://www.multimatch.org/ (secondo link non va),FALSE,https://www.trebleclef.eu/,TRUE,,FALSE,IRCDL,,FALSE,,NOTPROVIDED,NOTPROVIDED,NOTPROVIDED,,2008-03-14 23:03:49,2024-12-03 16:09:29,200,https://web.archive.org/web/20241203160929/http://www.trebleclef.eu/%E5%8F%82%E7%85%A7
Tree of philosophers,https://treeofphilosophers.it/labels,TRUE,,FALSE,,FALSE,AIUCD,,FALSE,,2024-12-13 04:56:27,2024-12-13 04:56:27,404,https://web.archive.org/web/20241213045627/http://treeofphilosophers.it/labels,NOTPROVIDED,NOTPROVIDED,NOTPROVIDED,
Unione Donne in Italia: digital library,https://archiviodigitale.udinazionale.org/,TRUE,,FALSE,,FALSE,Italian DH Institutions,,FALSE,,2018-06-02 23:33:13,2024-11-22 19:21:15,403,https://web.archive.org/web/20241122192115/https://archiviodigitale.udinazionale.org/wp-content/uploads/2023/01/udi_1951_realizzazioni-scolastiche_00246a-380x380.jpg,NOTPROVIDED,NOTPROVIDED,NOTPROVIDED,
university research funding patent,,FALSE,https://dh.fbk.eu/2020/11/university-research-funding-patenting-and-technological-impact/,TRUE,,FALSE,Italian DH Institutions,,FALSE,,NOTPROVIDED,NOTPROVIDED,NOTPROVIDED,,2020-11-25 05:24:29,2024-04-12 14:57:22,200,https://web.archive.org/web/20240412145722/https://dh.fbk.eu/2020/11/university-research-funding-patenting-and-technological-impact/
"Upgrading History.
Diaries from the War Front",https://projects.dharc.unibo.it/uhdw/,TRUE,,FALSE,,FALSE,Italian DH Institutions,,FALSE,,2019-06-28 11:12:06,2024-11-18 02:08:15,200,https://web.archive.org/web/20241118020815/http://projects.dharc.unibo.it/uhdw/css/base.css,NOTPROVIDED,NOTPROVIDED,NOTPROVIDED,
Urbs,https://dlib.biblhertz.it/urbs,TRUE,,FALSE,,FALSE,Italian DH Institutions,,FALSE,,2024-07-30 11:16:29,2024-12-11 02:59:39,200,https://web.archive.org/web/20241211025939/http://dlib.biblhertz.it/urbsDr,NOTPROVIDED,NOTPROVIDED,NOTPROVIDED,
Varianti all’opera,https://www.variantiallopera.it/public/,TRUE,,,,,KNOT,http://purl.org/knot/data/varianti-opera-project,FALSE,,2016-07-29 09:04:03,2024-12-28 12:53:48,200,https://web.archive.org/web/20241228125348/http://www.variantiallopera.it/public/img/favicon.ico,NOTPROVIDED,NOTPROVIDED,NOTPROVIDED,
Varianti della rosa,,FALSE,https://www.variantidellarosa.it/,TRUE,,FALSE,AIUCD,,FALSE,,NOTPROVIDED,NOTPROVIDED,NOTPROVIDED,,2021-12-22 15:28:01,2024-07-22 02:30:56,200,https://web.archive.org/web/20240722023056/http://www.variantidellarosa.it/edizioneintegrale
vasto,https://dharc-org.github.io/progetto-vasto/,TRUE,,FALSE,,FALSE,Italian DH Institutions,,FALSE,,2020-09-10 09:59:42,2024-07-11 17:55:44,200,https://web.archive.org/web/20240711175544/http://dharc-org.github.io/progetto-vasto/index.html,NOTPROVIDED,NOTPROVIDED,NOTPROVIDED,
"VASTO - VArchi, STOria FIORENTINA",https://dharc-org.github.io/progetto-vasto/index.html,TRUE,,,,,KNOT,http://purl.org/knot/data/vasto-project,FALSE,,2022-08-14 15:12:28,2024-07-11 17:55:44,200,https://web.archive.org/web/20240711175544/http://dharc-org.github.io/progetto-vasto/index.html,NOTPROVIDED,NOTPROVIDED,NOTPROVIDED,
Venice Squeeze Project,https://www.e-stampages.eu/s/e-stampages/page/accueil,TRUE,,FALSE,,FALSE,Italian DH Institutions,,FALSE,,2019-02-20 07:22:29,2024-11-08 18:23:00,200,https://web.archive.org/web/20241108182300/https://www.e-stampages.eu/s/e-stampages/page/accueil,NOTPROVIDED,NOTPROVIDED,NOTPROVIDED,
virtual repository of photographers' sales catalogues,https://virtualphotothek.khi.fi.it/catalogues/publisher,TRUE,,FALSE,,FALSE,Italian DH Institutions,,FALSE,,,,200,,NOTPROVIDED,NOTPROVIDED,NOTPROVIDED,
VOCABO,,FALSE,https://www.treccani.it/magazine/lingua_italiana/speciali/VocaBO/2_Pani.html,TRUE,,FALSE,Italian DH Institutions,,FALSE,,NOTPROVIDED,NOTPROVIDED,NOTPROVIDED,,,,200,
WaCky - The Web-As-Corpus Kool Yinitiative,https://wacky.sslmit.unibo.it/,TRUE,,,,,KNOT,http://purl.org/knot/data/wacky-project,FALSE,,2005-03-05 22:32:52,2024-12-22 14:24:20,200,https://web.archive.org/web/20241222142420/https://wacky.sslmit.unibo.it/doku.php?id=start,NOTPROVIDED,NOTPROVIDED,NOTPROVIDED,
WissensGeschichte,https://wissensgeschichte.biblhertz.it/Glossario,TRUE,,FALSE,,FALSE,Italian DH Institutions,,FALSE,,2005-03-05 23:26:21,2024-11-30 20:15:46,200,https://web.archive.org/web/20241130201546/http://wissensgeschichte.biblhertz.it/Glossario/Glossario_Italiano/olometro/misc_/Glossario_Manager/Articolo.gif,NOTPROVIDED,NOTPROVIDED,NOTPROVIDED,
Word formation latin,https://progetti.unicatt.it/progetti-milan-wfl-home,TRUE,http://wfl.marginalia.it,TRUE,,FALSE,Italian DH Institutions,,FALSE,,2016-06-15 21:24:21,2023-06-03 01:33:43,200,https://web.archive.org/web/20230603013343/https://progetti.unicatt.it/progetti-milan-wfl-home,2017-04-21 18:29:28,2024-12-17 02:58:33,200,https://web.archive.org/web/20241217025833/https://wfl.marginalia.it/
XDOCS: an Application to Index Historical Documents,https://aimagelab.ing.unimore.it/imagelab/project.asp?idprogetto=59,TRUE,,FALSE,,FALSE,IRCDL,,TRUE,,2020-08-09 05:50:23,2024-04-21 20:54:27,200,https://web.archive.org/web/20240421205427/https://aimagelab.ing.unimore.it/imagelab/project.asp?idprogetto=59,NOTPROVIDED,NOTPROVIDED,NOTPROVIDED,
Yashiro,https://yashiro.itatti.harvard.edu/,TRUE,,FALSE,,FALSE,Italian DH Institutions,,FALSE,pagina non trovata,2015-07-15 00:33:04,2024-12-27 23:18:13,200,https://web.archive.org/web/20241227231813/https://yashiro.itatti.harvard.edu/profiles/openscholar/libraries/colorbox/jquery.colorbox-min.js?son9w0,NOTPROVIDED,NOTPROVIDED,NOTPROVIDED,
zeri e lode,http://data.fondazionezeri.unibo.it/,TRUE,,FALSE,,FALSE,Italian DH Institutions,,TRUE,,2016-06-20 13:45:22,2025-01-04 04:17:26,200,https://web.archive.org/web/20250104041726/https://data.fondazionezeri.unibo.it/id/oaentry/35761,NOTPROVIDED,NOTPROVIDED,NOTPROVIDED,
,http://vmo.unive.it/inventory1720/,FALSE,,,,,KNOT,http://purl.org/knot/data/marchio-angeli-project,FALSE,,2020-05-16 03:09:03,2024-11-29 22:59:42,NOSTATUSCODE,https://web.archive.org/web/20241129225942/http://vmo.unive.it/inventory1720/application/views/scripts/javascripts/vendor/jquery-accessibleMegaMenu.js?v=2.7,NOTPROVIDED,NOTPROVIDED,NOTPROVIDED,