Titolo,URL progetto,URL progetto risolve?,URL sito vetrina ,URL sito vetrina risolve?,URL Anticamera ,URL Anticamera risolve?,Provenance,KNOT URI,Parzialmente Inacessibile,NOTE,URL progetto First_Seen,URL progetto Last_Seen
Daphnet: Ancient Philosophy,http://ancientsource.daphnet.iliesi.cnr.it/,True,http://www.daphnet.iliesi.cnr.it/,True,,False,AIUCD,,True,protocolo https non aggiornato,2022-09-24 20:41:09,2024-06-06 05:22:16
Daphnet: Modern Philosophy,http://modernsource.daphnet.iliesi.cnr.it/,True,http://www.daphnet.iliesi.cnr.it/,True,,False,AIUCD,,True,protocolo https non aggiornato,2022-10-01 13:30:27,2022-10-01 13:30:27
ASIt: Atlante Sintattico d’Italia,http://svrims2.dei.unipd.it:8080/asit-maldura/pages/search.jsp,True,http://asit.maldura.unipd.it/,True,,False,AIUCD,,True,protocolo https non aggiornato,2013-12-16 00:21:39,2024-02-28 19:17:19
The “Verbo-Visual Virtual” Platform,https://www.verbovisualevirtuale.org/,True,,False,,False,AIUCD,,True,protocolo https non aggiornato,2016-04-24 11:51:24,2024-07-12 19:54:39
Dante: A Web Application for the History of Art,https://dante.beniculturali.unipd.it/dante-web/,True,,False,,False,AIUCD,,True,accedere con credenziali,2022-01-22 13:54:32,2024-11-21 23:13:26
Open Philology Project,,False,http://openphilology.org/,True,,False,AIUCD,,False,,,
Progetto Mambrino,https://www.mambrino.it/it,True,,False,,False,AIUCD,,False,,2019-08-22 11:12:00,2024-12-04 09:24:39
TRANSSCRIPT,,False,https://anr.fr/Project-ANR-14-CE31-0022,True,,False,AIUCD,,False,,,
Illuminated Dante Project (IDP),https://www.dante.unina.it/ndp/public/frontend,True,,False,,False,AIUCD,,False,,2024-12-12 14:45:03,2024-12-12 14:45:03
Eagle Project,https://www.eagle-network.eu/basic-search/,True,https://www.eagle-network.eu/basic-search/,False,,False,AIUCD,,False,,2016-03-07 22:59:33,2024-09-09 11:47:46
AMiGre,,False,http://amigre.upatras.gr/,True,,False,AIUCD,,False,protocolo https non aggiornato,,
BelliniInRete,,False,http://bellininrete.istc.cnr.it/,True,,False,AIUCD,,False,protocolo https non aggiornato,,
Czech-IT! Linguistic corpus of native Czech and Slovak learners acquiring Italian language,https://czech-it.github.io/,True,,False,,False,AIUCD,,False,,2022-01-19 21:30:45,2024-08-07 06:08:32
Clavius Correspondence,http://claviusontheweb.it/lod,False,,False,,False,AIUCD,,False,impossibile raggiungere il sito,2022-01-19 23:34:09,2022-01-19 23:34:09
The Medieval Kingdom of Sicily Image Database,https://koseodiah.org/index.php,True,,False,,False,AIUCD,,False,,2023-11-04 02:17:11,2024-12-14 18:52:28
Archivio Università Castrense,https://archivio.universitacastrense.eu/,True,,False,,False,AIUCD,,True,non va protocollo javascript,2019-08-28 10:33:59,2024-09-01 10:30:03
Epigraphs of Castello Ursino Museum,,False,http://epicum.istc.cnr.it/,True,,False,AIUCD,,False,,,
14-18 Documenti e immagini della Grande Guerra,http://www.14-18.it/progetto,True,,False,,False,AIUCD,,False,,2017-05-12 05:03:56,2024-06-21 05:33:28
Epistolario De Gasperi,https://www.epistolariodegasperi.it/#/archivio_digitale/lettere,True,,False,www.epistolariodegasperi.it,True,AIUCD,,False,,2019-05-09 14:20:35,2024-09-30 11:42:13
Linking Latin,https://lila-erc.eu/LiLaLisp/,True,,False,https://lila-erc.eu/#about-1,True,AIUCD,,False,,2023-10-20 13:14:10,2024-12-09 10:21:39
Ecodigit,https://ecodigit.dtclazio.it/,False,https://dtclazio.it/progetto-ecodigit,True,,False,AIUCD,,False,,2021-01-27 03:16:00,2022-12-04 04:55:56
Petrarchive,https://dcl.luddy.indiana.edu/petrarchive/,True,,False,,False,AIUCD,,False,,2023-12-01 13:29:12,2024-07-15 14:54:53
Emodsar,http://corpora.unica.it/TEITOK/emodsar,False,,False,,False,AIUCD,,False,,2022-01-20 08:37:13,2023-05-26 03:54:20
FrancoBuffoni,,False,https://www.francobuffoni.it/,True,,False,AIUCD,,False,,,
Stragi Nazifasciste,https://www.straginazifasciste.it/,True,,False,,False,AIUCD,,False,,2016-04-10 06:52:57,2024-12-17 18:47:18
Pirandello nazionale,https://www.pirandellonazionale.it/opere/,True,,False,https://www.pirandellonazionale.it/,True,AIUCD,,False,,2017-12-18 06:45:48,2024-06-24 16:59:26
Varianti della rosa,,False,https://www.variantidellarosa.it/,True,,False,AIUCD,,False,,,
Registri Monterosso,https://registrimonterosso.labcd.unipi.it/,True,,False,,False,AIUCD,,False,,2022-01-20 21:39:06,2024-06-24 16:09:08
Bellini corrispondenza,http://bellinicorrespondence.cnr.it/,True,,False,,False,AIUCD,,False,protocolo https non aggiornato,2022-01-20 21:32:38,2024-04-24 09:26:25
Repim,https://repim.itatti.harvard.edu/,True,,False,,False,AIUCD,,False,,2022-01-20 21:30:05,2024-11-23 10:35:42
 Archivio della Latinità Italiana del Medioevo,http://en.alim.unisi.it/dl/fonti_documentarie,True,,False,,False,AIUCD,,True,non è possibile visualizzare metadati né i testi che vogliono mostrare. Download non possibile. ,2017-10-21 04:10:58,2023-06-05 04:07:42
DB allegorico dantesco,https://www.databaseallegoricodantesco.it/archivio.php,True,,False,,False,AIUCD,,False,,2023-12-06 20:06:23,2024-03-01 13:09:05
 I LUOGHI DELLA CULTURA IN TOSCANA FINO AL 1325 ,https://atlas.mirabileweb.it/atlas,True,,False,,False,AIUCD,,False,,2023-06-05 04:07:28,2023-06-05 04:07:28
Petrarca itinera,https://petrarchsitinera.github.io/,False,,False,,True,AIUCD,,False,,2023-06-05 04:06:54,2023-06-05 04:06:54
Elisa Chimenti,,False,,False,https://www.elisachimenti.org/accueildef.html,False,AIUCD,,True,Adobe Flash Player,,
Erbario di Aldovrandi,https://botanica.sma.unibo.it/aldrovandi/Explore,True,,False,https://botanica.sma.unibo.it/,True,AIUCD,,False,,2018-09-22 00:49:25,2024-07-16 10:08:26
Ragu project,,False,,False,https://raguproject.github.io/,False,AIUCD,,False,,,
Tree of philosophers,https://treeofphilosophers.it/labels,True,,False,,False,AIUCD,,False,,2024-12-13 04:56:27,2024-12-13 04:56:27
MaximHum,,False,https://maximhum.fileli.unipi.it/,True,,False,AIUCD,,False,,,
Fondazione fava,https://www.fondazionefava.it/archivio-di-giuseppe-fava/,True,,False,,False,AIUCD,,True,,2023-09-30 07:02:51,2024-12-13 05:20:43
OpenGadda,https://numgadda.github.io/OpenGadda/databasecolumnmerge.html,True,,False,,False,AIUCD,,False,,,
Hyperpavese,https://www.hyperpavese.com/progetto.php,True,,False,,False,AIUCD,,False,,2021-10-24 10:18:42,2024-07-19 03:49:28
Progetto viver,https://testi.progettoviver.it/,True,,False,,False,AIUCD,,False,,2023-12-06 14:48:12,2024-11-15 00:19:50
LACAM Laboratory ,https://lacam.di.uniba.it/activit/,False,,False,,False,IRCDL,,False,,2012-10-27 00:11:05,2021-05-14 22:17:52
"IntraText dLib: digital library framework system based on distributed collaboration, e-mail interaction and easy to use text-to-xml facilities for editorial accuracy ",https://www.intratext.com/ ,True,,False,,False,IRCDL,,True,ricerca per parole non va,2000-02-29 04:38:37,2024-12-22 01:47:01
Enabling Services in Knowledge Infrastructures: The DRIVER Experience,,False,https://www.driver-repository.eu/,True,,False,IRCDL,,False,,,
"Personalization in Digital Libraries: An Intelligent Service based on Semantic User Profiles
",http://193.204.187.223:8080/iswc rebuild/,False,,False,,False,IRCDL,,False,,,
	D4Science: Infrastructure to Support the Definition and Operation of Virtual Research Environments,https://www.d4science.org/,True,,False,,False,IRCDL,,False,,2008-02-08 12:48:11,2024-12-17 19:37:33
MultiMatch: A New Way to Access Cultural Heritage Information across Media and Language Boundaries,http://multimatch01.isti.cnr.it/ ,False,http://www.multimatch.eu/,True,,False,IRCDL,,False,,2010-02-11 15:43:24,2023-06-02 08:59:47
"TrebleCLEF: Evaluation, Best Practices and Collaboration for Multilingual Access", https://www.multimatch.org/ (secondo link non va),False,https://www.trebleclef.eu/,True,,False,IRCDL,,False,,,
DRIVER-II: Infrastructure to Support the Aggregation and Curation of Repositories Federation,,False,https://www.driver-repository.eu/,True,,False,IRCDL,,False,,,
"CASPAR: Cultural, Artistic and Scientific Knowledge for Preservation, Access and Retrieval","https://www.casparpreserves.eu/caspar-project.html#:~:text=CASPAR%20%2D%20Cultural%2C%20Artistic%20and%20Scientific,cultural%20and%20scientific%20resources%22).",True,,False,,False,IRCDL,,False,,2011-01-30 05:51:19,2022-10-06 18:26:16
CLEF Ad-hoc: A Perspective on the Evolution of the Cross-Language Evaluation Forum,http://ims.dei.unipd.it/gridclef/,False,,False,,False,IRCDL,,False,,2008-11-09 07:48:28,2022-01-20 10:05:37
"Toward an Audio Digital Library 2.0: SMASH, a Social Music Archive of SHellac Phonographic Discs",https://avires.dimi.uniud.it/tmp/DL/Experimental_Results.html,False,,False,,False,IRCDL,,True,404 page not found,2024-04-15 06:30:49,2024-04-15 06:30:49
"The Challenges of Building Ex Libris Rosetta, a Digital Preservation System",https://exlibrisgroup.com/products/rosetta-digital-asset-management-and-preservation/,False,,False,,False,IRCDL,,True,page not found,2018-02-03 22:25:00,2024-12-18 22:53:43
SIAR: A User-Centric Digital Archive System,https://siar.regione.veneto.it/,True,,False,,False,IRCDL,,False,,2017-07-17 20:59:10,2024-11-17 03:06:33
A Multi-layer Digital Library for Mediaeval Legal Manuscripts (Mosaico project),http://mosaico.cirsfid.unibo.it/,True,,False,,False,IRCDL,,True,problemi con alcuni caricamenti,2013-05-08 14:14:18,2023-12-11 12:15:45
"Establishing a Digital Library in Wide-Ranging University’s Context
The Sapienza Digital Library Experience",https://sapienzadigitallibrary.uniroma1.it/index.php/,True,,False,,False,IRCDL,,False,,2024-08-07 05:28:00,2024-12-02 09:07:38
A Contribution for the Dissemination of Cultural Heritage Content to a Wider Public,http://ipsa.ipsa-project.org/,True,http://ipsa.ipsa-project.org/,True,,False,IRCDL,,True,è necessario avere delle credenziali,2022-01-22 13:54:05,2022-01-22 13:54:05
Historical Digital Archive and Geo-referenced Contents of the Francigena Librari Web Portal,http://www.francigena.beniculturali.it/web/valit/il-progetto,False,,False,,False,IRCDL,,False,,2014-05-25 06:10:04,2014-11-22 17:18:13
EDB: Knowledge Technologies for Ancient Greek and Latin Epigraphy,https://www.edb.uniba.it/,True,,False,,False,IRCDL,,False,,2004-10-14 18:23:51,2024-12-06 18:27:17
"Culturaitalia, the Italian National Content Aggregator in Europeana",http://dati.culturaitalia.it/,True,,False,,False,IRCDL,,False,,2013-07-18 09:43:24,2024-09-10 00:46:22
The AstroBID: Preserving and Sharing the Italian Astronomical Heritage.,www.beniculturali.inaf.it,True,,False,,False,IRCDL,,False,,2015-12-26 09:35:52,2024-12-21 22:01:08
The TRAME Project - Text and Manuscript Transmission of the Middle Ages in Europe,http://git-trame.fefonlus.it/,True,,False,,False,IRCDL,,False,,2017-06-18 21:58:04,2024-09-11 03:18:51
"The Archivio dei Possessori of the Biblioteca Nazionale
Marciana. A Provenance Database",https://archiviopossessori.it/,True,,False,,False,IRCDL,,False,,2021-07-15 15:27:00,2024-12-09 23:21:07
"An IT Support for an Exhibition of Illuminated
Manuscripts",https://ipsa.dei.unipd.it/,False,,False,,False,IRCDL,,False,,2013-01-17 08:22:14,2021-03-02 15:44:47
SACHER: Smart Architecture for Cultural Heritage in Emilia Romagna,http://www.sacherproject.com/,False,,False,,False,IRCDL,,False,,2018-04-26 17:11:48,2024-04-24 14:26:06
A Research Tool for the ERC-Funded EMoBookTrade project ,http://emobooktrade.uniud.it/,False,,False,,False,IRCDL,,False,,2018-04-30 07:23:23,2019-09-13 02:40:43
"The European Project OpenUP: OPENing UP new Methods, Indicators and Tools for Peer Review, Impact Measurement and Dissemination of Research Results",https://www.openuphub.eu/,False,,False,,False,IRCDL,,False,,2017-06-05 00:00:23,2024-12-03 13:42:59
XDOCS: an Application to Index Historical Documents,https://aimagelab.ing.unimore.it/imagelab/project.asp?idprogetto=59,True,,False,,False,IRCDL,,True,non si riesce a scaricare i dataset,2020-08-09 05:50:23,2024-04-21 20:54:27
A Software Architecture for Narratives,https://dlnarratives.eu/narratives.html,False,,False,,False,IRCDL,,False,,2020-03-04 02:32:14,2024-07-24 19:14:38
Library Data Integration: the CoBiS Linked Open Data Project and Portal ,https://dati.cobis.to.it/,True,,False,,False,IRCDL,,False,,2018-12-24 09:18:24,2024-12-20 03:52:06
Annote: A Serious Game for Medical Students to Approach Lesion Skin Images of a Digital Library ,https://imagelab.ing.unimore.it/annoteProject,False,,False,,False,IRCDL,,False,,,
The Biographical Dictionary of Friulans -“Nuovo Liruti” On-Line,https://www.dizionariobiograficodeifriulani.it/,True,,False,,False,IRCDL,,False,,2017-04-06 20:16:37,2024-11-23 01:29:24
Regional Research Portal FVG: an OpenScience portal ,https://research.unityfvg.it/,False,,False,,False,IRCDL,,False,,2022-01-28 02:16:16,2024-03-29 04:03:44
Predicting the Usability of the Dice CAPTCHA via Artificial Neural Network,https://sites.google.com/site/sites/system/errors/WebspaceNotFound?path=%2Falessiaamelio%2F+software-tools%2Fdice-captcha-dataset.,False,,False,,False,IRCDL,,False,,,
Exploring Semantic Archival Collections: The Case of Piłsudski Institute of America,http://arkivo-ontology.org/,False,,False,,False,IRCDL,,False,,2018-02-03 09:33:07,2018-08-10 11:33:47
Metadata as Semantic Palimpsests: The Case of PHAIDRA@unipd,https://phaidra.cab.unipd.it/info/impressum,True,,False,,False,IRCDL,,False,,2014-12-18 21:57:50,2024-10-07 10:48:40
In Codice Ratio: Machine Transcription of Medieval Manuscripts,https://www.inf.uniroma3.it/db/icr/,True,,False,,False,IRCDL,,False,,2018-05-15 05:52:03,2024-08-26 11:45:42
Progetto TraMonti,http://www.tramontivaldivara.it/,False,,False,,False,DH Awards,,True,sito non raggiungibile,2013-02-03 03:21:43,2019-01-24 01:51:51
digilibLT: Biblioteca digitale di testi latini tardoantichi,http://www.digiliblt.unipmn.it/,True,,False,,False,DH Awards,,True,connessione non privata (accessibile con wayback ma non funzionante),2012-02-05 00:48:17,2024-05-11 14:28:19
Musisque Deoque,http://www.mqdq.it/,True,,False,,False,DH Awards,,False,,2013-05-26 02:23:56,2024-12-01 00:26:00
The Medici Archive Project,http://bia.medici.org/,True,,False,,False,DH Awards,,True, richiede registrazione,2012-12-31 16:41:31,2024-12-19 11:06:40
The digital lab of “crunched books”: explore and annotate the classics,http://cbook.it/en/,False,,False,,False,DH Awards,,False,non funziona,2015-02-22 12:00:23,2024-01-19 14:03:36
3DHOP: 3D Heritage Online Presenter,http://vcg.isti.cnr.it/3dhop/,True,,False,,False,DH Awards,,False,,2014-06-05 09:33:38,2024-11-27 00:22:28
ALCIDE (Analysis of Language and Content In a Digital Environment),http://celct.fbk.eu:8080/Alcide_Demo/,False,,False,,False,DH Awards,,False,traslocato https://alcidedigitale.fbk.eu/platform/,2015-09-06 20:57:24,2020-01-30 20:16:43
Alchimia di Jackson Pollock / Jackson Pollock: Alchemy in 3D,,True,http://vcg.isti.cnr.it/alchemy/,True,,False,DH Awards,,False,,,
Galassia Ariosto,http://galassiaariosto.sns.it/,False,,False,,False,DH Awards,,False,,2017-09-30 16:52:43,2024-03-07 20:24:54
NumET,https://nuovomedioevo.it/numet-2/,False,,False,,False,DH Awards,,False, è un tool ma espone anche due demo edizioni digitali. rientra,2018-03-30 09:25:10,2021-10-22 16:05:12
I conti con la Storia: Le leggi razziali tra televisione e storiografia,http://www.iconticonlastoria.it,True,,False,,False,DH Awards,,False,"è stato internalizzato, forse, dal 2020 e ci si può accedere con VPN (forse)",2021-01-08 14:32:52,2024-11-25 04:46:28
Storia dei Carabinieri,https://www.spreaker.com/show/storia-dei-carabinieri,True,,False,,False,DH Awards,,True,risolve ma poi dice 404,2020-11-01 01:10:00,2023-10-05 08:35:21
Navigli Project,http://arcg.is/0vfWKj,True,,False,,False,DH Awards,,False,traslocato a https://www.unive.it/pag/44465/,2020-10-08 06:34:02,2024-07-09 08:39:23
artchives - the inventory of art historians’ archives,http://artchives.fondazionezeri.unibo.it/,True,,False,,False,Italian DH Institutions,,False,,2020-11-28 13:54:26,2024-09-24 00:17:01
musow,http://projects.dharc.unibo.it/musow/,True,,False,,False,Italian DH Institutions,,True,explore page not working,2021-11-17 13:32:50,2024-12-16 16:48:30
dhdkey!,https://projects.dharc.unibo.it/dhdkey/,True,,False,,False,Italian DH Institutions,,False,,2021-04-30 23:09:42,2023-06-05 12:37:57
digital library (ficlit),https://dl.ficlit.unibo.it,True,,False,,False,Italian DH Institutions,,False,,2022-06-19 03:17:07,2024-12-18 14:06:29
arco,http://wit.istc.cnr.it/arco/index.php?lang=en,True,,False,,False,Italian DH Institutions,,False,,2019-07-26 10:04:19,2024-05-24 15:36:07
edizione nazionale delle opere di aldo moro,https://aldomorodigitale.unibo.it/,True,,False,,False,Italian DH Institutions,,False,,2021-05-25 07:08:38,2024-12-13 05:35:49
framester,https://framester.github.io/,True,http://etna.istc.cnr.it/framester_web/,True,,False,Italian DH Institutions,,False,,2024-04-17 22:31:51,2024-07-14 20:00:00
catalogue,https://projects.dharc.unibo.it/knot/,True,,False,,False,Italian DH Institutions,,False,,2024-12-13 04:18:48,2024-12-13 04:18:48
leggo manzoni,https://projects.dharc.unibo.it/leggomanzoni/,True,,False,,False,Italian DH Institutions,,False,,2024-04-04 06:10:56,2024-08-06 10:10:15
mythlod,https://dharc-org.github.io/mythlod/,True,,False,,False,Italian DH Institutions,,False,,2021-11-22 20:11:10,2024-12-15 08:28:31
melody. make me a linked open data story,https://projects.dharc.unibo.it/melody/,True,,False,,False,Italian DH Institutions,,False,,2022-10-06 19:12:07,2024-05-19 15:12:33
odi: uno studio su il castello dei destini incrociati di italo calvino,https://projects.dharc.unibo.it/odi/,True,,False,,False,Italian DH Institutions,,False,,2023-11-29 02:07:18,2024-07-04 06:51:03
philoeditor,http://projects.dharc.unibo.it/philoeditor/,True,,False,,False,Italian DH Institutions,,False,,2021-12-17 00:19:11,2024-08-06 10:08:33
semantic digital edition of paolo bufalini’s notebook,http://projects.dharc.unibo.it/bufalini-notebook/,True,,False,,False,Italian DH Institutions,,False,,2020-11-21 23:26:27,2024-11-27 00:45:51
vasto,https://dharc-org.github.io/progetto-vasto/,True,,False,,False,Italian DH Institutions,,False,,2020-09-10 09:59:42,2023-12-04 20:30:05
semantic digital edition of vespasiano da bisticci’s letters,http://projects.dharc.unibo.it/vespasiano/,True,,False,,False,Italian DH Institutions,,False,,2020-12-04 15:42:31,2024-03-02 13:09:04
śivadharma database,,False,https://shivadharmaproject.com/the-sivadhama-infrastructure-modeling-a-web-application-for-managing-scholarly-data/,True,,False,Italian DH Institutions,,False,,,
zeri e lode,http://data.fondazionezeri.unibo.it/,True,,False,,False,Italian DH Institutions,,True,sparql endpoint non accessibile,2016-06-20 13:45:22,2024-12-01 02:11:45
Archivio fonti orali,https://pric.unive.it/progetti/archivio-fonti-orali/home,True,,False,,False,Italian DH Institutions,,False,,2019-06-28 11:12:06,2023-10-26 09:02:33
The Falconieri Project,https://falconieri.medici.org/Mia/LoginUser.do,True,,False,,False,Italian DH Institutions,,True,accessibile con credenziali,2021-02-28 04:06:39,2024-12-04 07:06:04
Odonomastica Femminile,http://www.labcd.unipi.it/odonomastica-femminile/,True,,False,,False,Italian DH Institutions,,True,alcune visualizzazioni non sono accessibili tipo % 100 toponimi più frequenti,2020-10-25 22:19:50,2022-03-08 06:39:52
Parthenos Project,,False,http://www.parthenos-project.eu/,True,,False,Italian DH Institutions,,False,,,
e-rihs,https://www.e-rihs.eu/ ,True,,False,,False,Italian DH Institutions,,False,,2022-05-18 16:23:35,2024-04-23 10:53:00
3d icons,http://3dicons.ceti.gr/ ,True,,False,,False,Italian DH Institutions,,True,problemi con javascript,,
Pelavicino,http://pelavicino.labcd.unipi.it/,True,,False,,False,Italian DH Institutions,,False,,2016-05-08 05:12:07,2024-12-05 11:39:06
The Vercelli Book,http://vbd.humnet.unipi.it/beta2/,True,,False,,False,Italian DH Institutions,,False,,2014-09-08 02:09:58,2024-09-10 03:00:34
Flos,http://iu.di.unipi.it/flos/,True,,False,,False,Italian DH Institutions,,False,,2015-12-25 00:43:10,2024-11-21 13:02:49
Matilde Di Canossa,http://www.labcd.unipi.it/matildedicanossa,True,,False,,False,Italian DH Institutions,,False,,2016-03-26 12:43:08,2024-12-13 03:23:06
Classici Dse (EVT viewer),https://www.classici-dse.com/,True,,False,,False,Italian DH Institutions,,False,,2019-12-07 05:03:59,2022-05-19 01:17:10
Index Thomisticus Treebank,https://itreebank.marginalia.it/,True,,False,,False,Italian DH Institutions,,False,,2021-03-19 07:48:28,2024-05-18 08:50:39
Lemlat,,False,http://www.lemlat3.eu/,True,,False,Italian DH Institutions,,True,protocolo https non aggiornato,2021-11-29 17:14:15,2023-08-29 10:38:19
Word formation latin,https://progetti.unicatt.it/progetti-milan-wfl-home,True,http://wfl.marginalia.it,True,,False,Italian DH Institutions,,False,,2008-12-17 15:41:46,2024-12-03 12:34:33
Alpion,https://alpion.unict.it,True,,False,,False,Italian DH Institutions,,False,,,
Artesia,http://artesia.ovi.cnr.it/,True,,False,,False,Italian DH Institutions,,False,,2017-04-21 18:29:28,2024-12-17 02:58:32
"Linea: per un portale della letteratura italiana del
Novecento",https://linea.unict.it,True,,False,,False,Italian DH Institutions,,False,,2022-01-20 22:55:43,2024-09-10 23:54:37
Poichilia,https://poichilia.unict.it,True,,False,,False,Italian DH Institutions,,False,,2013-01-22 01:20:04,2024-06-30 10:47:55
Alessandro Manzoni,https://www.alessandromanzoni.org,True,,False,,False,Italian DH Institutions,,False,,2022-06-26 01:07:51,2023-06-09 20:17:14
The nuncio's secret archives,,False,https://nsa.unipr.it,True,,False,Italian DH Institutions,,False,,2023-01-10 23:46:29,2023-08-01 19:48:33
Archilochus,,False,https://www.clarin.eu/content/archilochus-paros-elegiac-fragments-xml-archive,True,,False,Italian DH Institutions,,False,,2011-04-25 12:47:05,2024-12-15 10:24:09
Tebtynis: fragmentary voices from the past,http://www.papirologia.unipr.it/ricerca/CPGM/index.html,False,,False,,False,Italian DH Institutions,,False,error 404,,
"dante depicted: a commentary on image, text, and exegesis around the commedia",https://dante.khi.fi.it/,True,,False,,False,Italian DH Institutions,,False,,2021-04-23 05:06:46,2024-05-23 18:33:18
gigapixel images,https://virtualphotothek.khi.fi.it/gigapixel/,True,,False,,False,Italian DH Institutions,,False,,,
digitizing the die kirchen von siena project,https://sienaproject.khi.fi.it/,True,,False,,False,Italian DH Institutions,,False,,2023-03-09 09:56:49,2024-12-18 04:57:14
virtual repository of photographers' sales catalogues,https://virtualphotothek.khi.fi.it/catalogues/publisher,True,,False,,False,Italian DH Institutions,,False,,2022-08-31 15:41:18,2022-08-31 15:41:18
digital photothek,http://photothek.khi.fi.it/?Language=en,True,,False,,False,Italian DH Institutions,,False,,2022-08-11 05:58:59,2024-12-14 05:03:16
university research funding patent,,False,https://dh.fbk.eu/2020/11/university-research-funding-patenting-and-technological-impact/,True,,False,Italian DH Institutions,,False,"solo sito vetrina, il progetto verrà caricato presto (chiuso nel 2020)",,
Epistolario De Gasperi,https://epistolariodegasperi.it/#/,True,,False,,False,Italian DH Institutions,,True,"a volte carica tutte le lettere, a volte no",2015-03-29 05:01:44,2023-07-08 20:16:26
Alcide Digitale,https://alcidedigitale.fbk.eu/platform/,False,,False,,False,Italian DH Institutions,,True,alcuni filtri di ricerca non sono più funzionanti,,
CWALM,,False,https://cwalm.ilc.cnr.it/,True,,False,Italian DH Institutions,,False,progetto in lavorazione (finisce nel maggio 2025),2019-05-09 14:20:35,2024-09-30 11:42:13
VOCABO,,False,https://www.treccani.it/magazine/lingua_italiana/speciali/VocaBO/2_Pani.html,True,,False,Italian DH Institutions,,False,,2021-10-24 19:10:43,2024-09-18 18:53:02
GRASPOS,,False,https://graspos.eu/,True,,False,Italian DH Institutions,,False,,,
ROADS,,False,https://csc.dei.unipd.it/roads-project/index.html,True,,False,Italian DH Institutions,,False,,,
Greek Schools,https://viewer.greekschools.eu/,True,https://www.ilc.cnr.it/progetti/greekschools-2/,True,,False,Italian DH Institutions,,False,,,
Atlas,https://dh-atlas.github.io/deliverables.html,False,,False,,False,Italian DH Institutions,,True,è un tool e nei deliverabels raccoglie alcuni risultati vari,,
Archivio ViVo,,False,https://www.clarin-it.it/it/content/archivio-vivo,True,,False,Italian DH Institutions,,False,,2023-11-02 07:28:30,2024-10-04 03:15:23
Perspectiva,https://dlib.biblhertz.it/perspectiva/,True,,False,,False,Italian DH Institutions,,True,alcune immagini non vengono caricate,,
Controcultura,https://echaurren.biblhertz.it/PE.html,True,,False,,False,Italian DH Institutions,,False,,,
WissensGeschichte,https://wissensgeschichte.biblhertz.it/Glossario,True,,False,,False,Italian DH Institutions,,False,,,
Lineamenta,https://fm.biblhertz.it/fmi/xsl/home.xsl?-token.proj=li,True,,False,,False,Italian DH Institutions,,False,,2021-08-03 22:56:58,2024-12-14 20:49:06
Noack,https://db.biblhertz.it/noack/noack.xml,True,,False,,False,Italian DH Institutions,,True,la funzione multilingua non funziona sempre,2006-05-09 17:16:27,2024-05-30 13:10:02
"Eine römische Trilogie: Schudt, Caldana, Schlosser",https://dlib.biblhertz.it/guide/,True,,False,,False,Italian DH Institutions,,False,,2020-08-20 06:02:20,2023-03-07 02:26:21
Heinrich Wölfflin,https://editions.humanitiesconnect.pub/exist/apps/hwgw/index.html,True,,False,,False,Italian DH Institutions,,False,,2007-05-13 20:47:23,2024-04-30 03:08:52
Urbs,https://dlib.biblhertz.it/urbs,True,,False,,False,Italian DH Institutions,,False,,,
https://zuccaro.biblhertz.it/,https://zuccaro.biblhertz.it/,True,,False,,False,Italian DH Institutions,,False,,,
Foto,https://foto.biblhertz.it/,True,,False,,False,Italian DH Institutions,,False,,2024-07-30 11:16:29,2024-12-11 02:57:50
Rara,https://rara.biblhertz.it/,True,,False,,False,Italian DH Institutions,,False,,2004-06-06 20:10:01,2024-06-15 11:54:25
Gesture Atlas,https://biblhertz.github.io/atlas/,True,,False,,False,Italian DH Institutions,,False,,2008-01-15 21:23:31,2024-12-21 08:37:27
Siena map,https://db.biblhertz.it/siena/siena.xql,True,,False,,False,Italian DH Institutions,,False,,2013-07-03 10:01:42,2024-09-07 08:41:28
Project 3d Bridge,https://wissensgeschichte.biblhertz.it/3d-bridge-html/index3D.html,True,,False,,False,Italian DH Institutions,,False,"li project url è più un sito vetrina, per visualizzare il modello 3d bisogna scaricare un software e un dataset in locale",2020-09-06 21:49:35,2024-04-05 07:52:30
Hertziana Rare Books Online,https://dlib.biblhertz.it/,True,,False,,False,Italian DH Institutions,,False,,2019-01-14 14:24:44,2024-09-18 06:28:10
Spatial,https://dlib.biblhertz.it/spatial/,True,,False,,False,Italian DH Institutions,,False,,2007-06-25 05:33:59,2022-10-25 11:14:43
Cipro,https://cipro.biblhertz.it/,True,,False,,False,Italian DH Institutions,,False,,2018-02-16 05:56:40,2024-12-15 01:43:10
Abruzzen und Molise,https://db.biblhertz.it/abruzzo/index.xml,True,,False,,False,Italian DH Institutions,,False,,,
Maps and Gazetteers,https://maps.biblhertz.it/,True,,False,,False,Italian DH Institutions,,False,,2021-06-24 15:55:38,2024-10-05 07:40:48
Staccioli,https://staccioli.biblhertz.it/resource/,True,,False,,False,Italian DH Institutions,,False,,2015-12-23 17:19:12,2024-06-27 11:30:14
Confluenze,https://confluenze.dev/,True,,False,,False,Italian DH Institutions,,False,,2020-04-11 10:57:01,2024-09-18 13:03:24
Florentine Drawings,https://florentinedrawings.itatti.harvard.edu/,True,,False,,False,Italian DH Institutions,,False,,2024-06-04 21:19:14,2024-06-04 21:19:14
CRIA,https://cria.itatti.harvard.edu/,True,,False,,False,Italian DH Institutions,,False,,2024-04-18 17:03:56,2024-12-17 02:42:07
Pharos,https://pharosartresearch.org/,True,,False,,False,Italian DH Institutions,,False,è un sito vetrina (https://vision.artresearch.net/resource/start),2017-04-06 23:44:39,2024-12-17 06:19:26
Yashiro,https://yashiro.itatti.harvard.edu/,True,,False,,False,Italian DH Institutions,,False,,2018-03-29 22:44:05,2024-11-27 12:58:29
I Tatti Digital Collection,https://collection.itatti.harvard.edu/,True,,False,,False,Italian DH Institutions,,False,,2016-10-30 05:04:38,2024-12-21 13:06:51
Belle Greene,https://bellegreene.itatti.harvard.edu/,True,,False,,False,Italian DH Institutions,,True,error 404,2015-07-15 00:33:15,2024-12-08 22:26:55
Galleria Borghese,https://galleriaborghese.beniculturali.it/,True,,False,,False,Italian DH Institutions,,False,,2022-04-18 00:10:45,2024-12-03 15:39:13
Ebla Digital Archives,http://ebda.cnr.it/,True,,False,,False,Italian DH Institutions,,False,,2023-02-17 14:45:54,2024-10-02 15:26:13
Creta Inscriptions,https://ilc4clarin.ilc.cnr.it/cretaninscriptions,False,,False,,False,Italian DH Institutions,,True,pagina non trovata,2010-07-22 07:22:55,2024-12-21 15:06:15
CoPhiLab: Collaborative and Cooperative Philology Lab,http://www.languagelibrary.eu/new_ewnui/,True,,False,,False,Italian DH Institutions,,False,,2018-11-30 12:18:25,2024-12-16 10:04:22
Biflow: catalogo bilingue,https://catalogobiflow.vedph.it/,True,,False,,False,Italian DH Institutions,,False,,2021-05-20 15:47:12,2023-05-20 12:09:33
Papyri.info,https://papyri.info/,True,,False,,False,Italian DH Institutions,,False,,2017-06-12 00:33:27,2024-03-03 08:22:53
EDF,http://edf.unive.it/,False,,False,,False,Italian DH Institutions,,False,impossibile raggiungere il sito,2021-06-29 08:01:26,2024-11-16 00:07:13
Nuova Bilioteca Manoscritta,https://www.nuovabibliotecamanoscritta.it/,True,,False,,False,Italian DH Institutions,,False,,2007-09-29 00:41:54,2024-12-21 01:02:01
Venice Squeeze Project,https://www.e-stampages.eu/s/e-stampages/page/accueil,False,,False,,False,Italian DH Institutions,,False,mi sembra un sitovetrina e basta,2019-09-09 13:09:42,2024-06-17 09:14:48
Musisque Deoque: Un archivio digitale di poesia latina,https://www.mqdq.it/public/,False,,False,,False,Italian DH Institutions,,False,error 404 not found,2006-02-14 09:34:33,2024-12-20 17:46:04
Unione Donne in Italia: digital library,https://archiviodigitale.udinazionale.org/,True,,False,,False,Italian DH Institutions,,False,,2019-02-20 07:22:29,2024-11-08 18:23:00
Archivio storico fotografico Adolfo Venturi,https://digilab.uniroma1.it/risorse/archivio-storico-fotografico,False,,False,,False,Italian DH Institutions,,True,accesso negato,2016-01-20 23:09:21,2024-12-01 00:26:00
Arts 01,https://digilab.uniroma1.it/ricerca/progetti-conclusi/arts-0-1,False,,False,,False,Italian DH Institutions,,True,pagina non trovata,2018-06-02 23:33:13,2024-11-21 13:59:26
EdMuse,https://edmuse.eu/edmuse-platform/,False,,False,,False,Italian DH Institutions,,False,protocollo https non implementato + file not found,2022-06-25 04:21:47,2024-06-16 02:06:21
Europeana Eagle Project,https://www.eagle-network.eu/,True,,False,,False,Italian DH Institutions,,False,,,
DanteSources,https://dantesources.dantenetwork.it/index.html,True,,False,,False,Italian DH Institutions,,False,,2019-02-24 02:51:12,2024-06-15 00:14:27
DASI: digital archive for the study of pre-islamic arabian inscriptions,https://dasi.cnr.it/,True,,False,,False,Italian DH Institutions,,False,,2013-01-28 03:32:48,2024-12-21 10:58:37
Epicum: Epigraphs of Castello Ursino Museum,http://epicum.istc.cnr.it/collezione/,True,,False,,False,Italian DH Institutions,,False,,2021-03-25 11:05:01,2024-07-14 05:26:19
Codex Atlanticus: exploring the largest exhisting collection of writings and drawings of Leonardo Da Vinci,https://codex-atlanticus.ambrosiana.it/#/,True,,False,,False,Italian DH Institutions,,False,,2018-12-20 23:04:20,2024-12-04 12:18:32
"Last Letters from the World Wars: Forming Italian Language, Identity and Memory in Texts of Conflict",https://www.ultimelettere.it/LastLetters/,True,,False,,False,Italian DH Institutions,,False,,2022-07-06 23:18:50,2024-07-20 07:19:56
Le parole dell'arte. Accademia della crusca,https://mla.accademiadellacrusca.org/,True,,False,,False,Italian DH Institutions,,False,,2022-06-21 22:27:33,2024-12-06 15:22:30
The medieval kingdom of Sicily: image database,https://koseodiah.org/mapofkingdom.php,True,,False,,False,Italian DH Institutions,,True,problemi col protocollo google maps,2020-02-26 08:45:09,2024-06-14 10:33:02
Alpilink,https://alpilink.it/ascoltaeesplora/,True,,False,,False,Italian DH Institutions,,False,,2019-03-28 15:34:02,2024-11-25 14:20:34
"Upgrading History.
Diaries from the War Front",https://projects.dharc.unibo.it/uhdw/,True,,False,,False,Italian DH Institutions,,False,,2024-08-09 06:52:16,2024-08-09 06:52:16
Illuminated Dante Project,https://www.dante.unina.it/idp/public/frontend,True,,False,,False,Italian DH Institutions,,False,,2023-09-12 06:07:50,2024-09-07 16:35:43
Biblioteca Informatica dei Libri di Famiglia,https://bilf.ipertesti.it/,True,,False,,False,Italian DH Institutions,,False,,2019-06-28 11:12:06,2023-10-26 09:02:33
AGLIO Atlante Grammaticale della Lingua Italiana delle Origini,http://aglio.ovi.cnr.it/index.php,True,,,,,KNOT,http://purl.org/knot/data/aglio-project,False,,2024-06-20 11:35:23,2024-12-08 04:08:30
Atlante Lessicale Toscano,http://serverdbt.ilc.cnr.it/ALTWEB,True,,,,,KNOT,http://purl.org/knot/data/alt-project,False,,2022-09-30 20:26:19,2024-12-03 23:07:47
ALI Autografi dei Letterati Italiani,http://www.autografi.net/it/,True,,,,,KNOT,http://purl.org/knot/data/ali-project,False,,2020-08-13 11:52:35,2024-02-21 09:08:44
AMS Historica Unibo,https://historica.unibo.it/,True,,,,,KNOT,http://purl.org/knot/data/ams-historica-project,False,,2007-07-27 12:07:23,2024-07-23 09:39:42
Archaide,http://www.archaide.eu/,False,,,,,KNOT,http://purl.org/knot/data/archaide-project,False,impossibile raggiungere il sito,2017-10-22 06:23:17,2024-11-17 07:03:37
ALIM Archivio della Latinità Italiana del Medioevo,http://alim.unisi.it/,True,,,,,KNOT,http://purl.org/knot/data/alim-project,False,,2023-02-06 03:22:12,2024-12-13 15:16:06
ArchiDATA - Archivio di (retro)datazioni lessicali,https://www.archidata.info/,True,,,,,KNOT,http://purl.org/knot/data/archidata-project,False,,2017-01-27 16:59:56,2024-01-24 21:26:54
Archilet - archivio delle corrispondenze letterarie di età moderna,http://www.archilet.it/,True,,,,,KNOT,http://purl.org/knot/data/archilet-project,False,,2019-01-01 20:52:37,2024-12-06 13:32:37
Archivio Elettronico delle Opere di Carlo Emilio Gadda,http://dbtvm1.ilc.cnr.it/Gadda/,True,,,,,KNOT,http://purl.org/knot/data/gadda-archive-project,True,impossibile trovare indirizzo ip del server (database),2013-05-08 11:20:09,2024-12-02 18:15:45
Bradypus,https://bdus.cloud/,True,,,,,KNOT,http://purl.org/knot/data/bradypus-project,True,accesso con credenziali,2012-10-11 01:01:05,2024-12-03 02:02:22
Biblioteca Italiana,http://www.bibliotecaitaliana.it/,True,,,,,KNOT,http://purl.org/knot/data/bib-ita-project,False,,2024-05-22 08:54:38,2024-05-22 08:54:38
Carlo Goldoni,https://www.carlogoldoni.it/public/,True,,,,,KNOT,http://purl.org/knot/data/goldoni-drammi-project,False,,2021-03-28 16:33:24,2024-12-08 06:44:57
Carte d'autore online,https://www.cartedautore.it/,True,,,,,KNOT,http://purl.org/knot/data/carte-autore-project,False,,2002-02-03 09:34:32,2024-12-17 20:15:07
Carteggio Ricci digital library,http://carteggiodiguerra.cnr.it/,True,,,,,KNOT,http://purl.org/knot/data/carteggio-ricci-project,False,,2016-08-22 06:09:15,2024-11-30 06:49:16
Catalogus Philologorum Classicorum (CPhCl),http://www.aristarchus.unige.net/CPhCl/en/Home,True,,,,,KNOT,http://purl.org/knot/data/cphci-project,False,,2014-08-10 17:00:39,2024-12-07 23:19:32
CLaSSES - Corpus for Latin Sociolinguistic Studies on Epigraphic textS,https://classes-latin-linguistics.fileli.unipi.it/en,True,,,,,KNOT,http://purl.org/knot/data/classes-project,False,,2022-09-23 22:41:30,2024-06-14 22:58:34
Clori - archivio della cantata italiana,https://cantataitaliana.it/,True,,,,,KNOT,http://purl.org/knot/data/clori-project,False,,2017-09-28 12:52:45,2024-07-21 13:01:09
CO.COR (COMPLIMENT CORPUS),http://www.cocor.eu/index.php,True,,,,,KNOT,http://purl.org/knot/data/cocor-project,True,accesso con credenziali,2020-10-23 21:57:04,2024-10-02 17:52:39
Colonizzazioni interne e Migrazioni,https://storia.dh.unica.it/colonizzazioninterne/,True,,,,,KNOT,http://purl.org/knot/data/col-interne-project,False,,2011-10-30 09:03:36,2024-12-18 04:36:11
Corago,http://corago.unibo.it/,True,,,,,KNOT,http://purl.org/knot/data/corago-project,False,,2020-12-30 05:20:10,2023-10-26 00:43:20
Corago LOD,http://corago.unibo.it/lod,False,,,,,KNOT,http://purl.org/knot/data/corago-lod-project,False,error 404,2021-09-28 03:40:17,2024-06-22 00:46:52
Corpus Rhythmorum Musicum ,https://www.corimu.unisi.it/public/frontend/index,True,,,,,KNOT,http://purl.org/knot/data/corimu-project,False,,2013-10-05 19:43:16,2024-12-18 02:47:47
Dante Search,https://dantesearch.dantenetwork.it/,True,,,,,KNOT,http://purl.org/knot/data/dante-search-project,False,,2022-06-07 08:53:46,2022-12-08 05:13:43
DIGESTO,http://dbtvm1.ilc.cnr.it/digesto/Digesto_Home.html,True,,,,,KNOT,http://purl.org/knot/data/digesto-project,False,,2021-07-25 00:28:35,2023-03-21 00:23:42
DigilibLT - Biblioteca digitale di testi latini tardoantichi,https://digiliblt.uniupo.it/index.php,True,,,,,KNOT,http://purl.org/knot/data/digiliblt-project,False,,2020-08-12 00:21:32,2024-06-30 11:43:30
Digital Library Pavia,https://www.bibliotecadigitale.unipv.eu/,True,,,,,KNOT,http://purl.org/knot/data/digi-lib-pavia-project,False,,2022-03-08 23:13:17,2023-03-27 21:10:32
DOGE Percorsi Digitali,https://doge.unige.net/,True,,,,,KNOT,http://purl.org/knot/data/doge-project,False,,2017-07-17 20:24:37,2024-05-22 14:32:08
Epigraphic Database Roma (EDR),http://www.edr-edr.it/default/index.php,True,,,,,KNOT,http://purl.org/knot/data/edr-project,False,,2020-12-18 07:55:58,2024-11-18 08:00:55
EDV -  Epigraphic Database Vernacular,http://www.edvcorpus.com/wp/,True,,,,,KNOT,http://purl.org/knot/data/edv-project,False,,2022-01-26 16:15:57,2024-11-25 10:18:19
ELA - Eurasian Latin Archive,http://ela.unisi.it/,True,,,,,KNOT,http://purl.org/knot/data/ela-project,False,,2017-02-24 03:00:58,2024-10-08 07:29:04
SERICA,https://serica.unipi.it/,True,,,,,KNOT,http://purl.org/knot/data/serica-project,False,lo abbiamo già ma è interessante vedere i link diversi,2019-11-11 01:16:32,2024-07-17 20:09:52
Ramusio,http://virgo.unive.it/ecf-workflow/books/Ramusio/main/intro.html,False,,,,,KNOT,http://purl.org/knot/data/elec-ramusio-project,False,impossibile raggiungere il sito,2021-12-17 00:20:52,2024-02-25 02:48:08
FRED - Machine Reading for the Semantic Web,http://wit.istc.cnr.it/stlab-tools/fred/,True,,,,,KNOT,http://purl.org/knot/data/fred-project,False,,2022-09-04 17:16:37,2024-06-24 22:29:25
Greek into Arabic,http://www.greekintoarabic.eu/index0b30.html,True,,,,,KNOT,http://purl.org/knot/data/g2a-project,False,è un sito vetrina,2015-08-29 08:43:51,2023-10-28 17:41:44
Idilli di Giacomo Leopardi,https://leopardi.ecdosys.org/en/Home/,True,,,,,KNOT,http://purl.org/knot/data/idili-leopardi-project,False,,2012-07-15 01:08:17,2024-09-30 10:17:43
L'Area Cimiteriale di San Matteo,https://sepolturesanmatteo.labcd.unipi.it/,True,,,,,KNOT,http://purl.org/knot/data/cimi-san-matteo-project,False,,2020-07-14 07:38:23,2023-10-02 08:45:20
LIBERaBIT,https://www.liberabit.unisa.it/,True,,,,,KNOT,http://purl.org/knot/data/liberabit-project,False,,2024-05-09 13:23:46,2024-05-09 13:23:46
Libretti d'opera,https://www.librettodopera.it/public/,True,,,,,KNOT,http://purl.org/knot/data/libretti-opera-project,False,,2021-03-05 00:01:09,2024-06-19 06:31:15
"Italian Natural Language Processing Lab
",http://www.italianlp.it/demo/linguistic-annotation-tool/,True,,,,,KNOT,http://purl.org/knot/data/lingua-project,False,,2022-09-19 18:31:15,2024-10-05 03:40:23
studiolo belfiore,https://studiolobelfiore.unibo.it/,False,,,,,KNOT,http://purl.org/knot/data/belfiore-project,False,sito senza protocollo https + server non funzionante,2016-12-24 12:52:31,2024-12-15 05:01:41
Mappa project,https://mappaproject.arch.unipi.it/mod/Index.php,True,http://www.mappaproject.org/,True,,,KNOT,http://purl.org/knot/data/mappa-open-project,False,,2014-07-12 10:58:42,2024-04-18 08:20:45
,http://vmo.unive.it/inventory1720/,False,,,,,KNOT,http://purl.org/knot/data/marchio-angeli-project,False,il link fa un redirecting e poi dà errore impossibile raggiungere sito,2024-01-03 14:45:05,2024-11-25 15:06:10
"mAuth - Mining Authoritativeness
in Art History",https://projects.dharc.unibo.it/mauth/search,True,,,,,KNOT,http://purl.org/knot/data/mauth-project,True,404 not found,2012-05-24 04:23:54,2024-08-28 17:55:07
Memoria di guerra,http://www.memoriediguerra.it/,True,,,,,KNOT,http://purl.org/knot/data/memorie-guerra-project,False,,2020-05-16 03:09:03,2024-11-29 22:43:57
Metastasio,https://www.progettometastasio.it/public/,True,,,,,KNOT,http://purl.org/knot/data/metastasio-drammi-project,False,,2023-01-30 20:56:53,2023-06-05 13:10:11
Musisque Deoque. Un archivio digitale di poesia latina,https://mizar.unive.it/mqdq/public/index,True,,,,,KNOT,http://purl.org/knot/data/musisque-deoque-project,False,,2017-08-09 14:22:43,2024-06-23 08:30:20
mythLOD,https://dharc-org.github.io/mythlod/static/mima.html,True,,,,,KNOT,http://purl.org/knot/data/mythlod-project,False,,2016-07-26 21:25:16,2024-12-15 13:43:54
PAISÀ corpus italiano,https://www.corpusitaliano.it/en/index.html,True,,,,,KNOT,http://purl.org/knot/data/paisa-project,False,,2019-03-06 08:06:09,2024-06-21 01:23:36
PARTIGIANI D'ITALIA,https://partigianiditalia.cultura.gov.it/,True,,,,,KNOT,http://purl.org/knot/data/partigiani-italia-project,False,consultazione dei dati solo con registrazione,2022-12-05 20:27:10,2024-04-18 19:33:59
PAThs - Archaeological Atlas of Coptic Literature,https://atlas.paths-erc.eu/,True,,,,,KNOT,http://purl.org/knot/data/paths-project,False,,2012-09-30 01:40:22,2024-06-21 17:18:31
PedeCerto - metrica latina digitale,https://www.pedecerto.eu/public/,False,,,,,KNOT,http://purl.org/knot/data/pedecerto-project,False,error 404 not found,2022-12-10 14:41:50,2024-11-16 07:28:27
RDCI - Repertorio Digitale della Canzone Italiana,https://www.rdci.it/,True,,,,,KNOT,http://purl.org/knot/data/repertorio-canzone-project,False,,2019-02-25 10:44:01,2024-12-14 09:25:02
RePIM - Repertorio della Poesia Italiana in Musica,https://repim.itatti.harvard.edu/resource/repim:formSearch,True,,,,,KNOT,http://purl.org/knot/data/repim-project,False,,2020-02-22 20:18:41,2024-11-19 08:21:37
S. Michele Arcangelo di Pegazzano,https://sanmichelepegazzano.labcd.unipi.it/,True,,,,,KNOT,http://purl.org/knot/data/pegazzano-project,False,,2021-06-24 09:06:14,2024-11-23 16:34:37
The Sound of St Mark's,http://vmo.unive.it/choirbooks/,False,,,,,KNOT,http://purl.org/knot/data/sound-stmark-project,False,"fa un redicrect, e poi impossibile raggiungere il sito",2023-06-07 17:44:19,2024-11-23 10:35:43
Varianti all’opera,https://www.variantiallopera.it/public/,True,,,,,KNOT,http://purl.org/knot/data/varianti-opera-project,False,,2020-02-26 11:41:17,2024-09-18 09:24:11
"VASTO - VArchi, STOria FIORENTINA",https://dharc-org.github.io/progetto-vasto/index.html,True,,,,,KNOT,http://purl.org/knot/data/vasto-project,False,,2018-05-02 09:01:48,2024-07-23 23:58:09
WaCky - The Web-As-Corpus Kool Yinitiative,https://wacky.sslmit.unibo.it/,True,,,,,KNOT,http://purl.org/knot/data/wacky-project,False,,2016-11-02 13:04:48,2024-12-14 01:24:52
Atlante Storia MArittima della SArdegna,https://storia.dh.unica.it/asmsa/it,True,,,,,KNOT,http://purl.org/knot/data/asmsa-project,False,ogni tanto qualche link dà pagina non trovata,2020-09-10 09:59:48,2024-07-11 17:55:44
Dal Libro alla Biblioteca (DaLiB),https://dalib.it/,True,,,,,KNOT,http://purl.org/knot/data/dalib-project,False,,2005-03-05 22:32:52,2024-10-05 00:43:12
Ebla Digital Archives,http://ebda.cnr.it/index,True,,,,,KNOT,http://purl.org/knot/data/ebla-project,False,,2024-02-21 05:58:46,2024-06-22 00:39:44
Corpus KIParla - L'italiano parlato e chi parla italiano,https://kiparla.it/,True,,,,,KNOT,http://purl.org/knot/data/kiparla-project,True,il corpus è accessibile solo con credenziali,2023-03-30 10:25:50,2024-11-24 23:18:26
Le Lettere di Alessandra Macinghi Strozzi,https://macinghi-strozzi.labdilef.it/,True,,,,,KNOT,http://purl.org/knot/data/macinghi-strozzi-project,False,,2019-02-03 10:29:08,2024-09-26 17:51:32
Lodovico Media Library,https://lodovico.medialibrary.it/home/index.aspx,True,,,,,KNOT,http://purl.org/knot/data/lodovico-project,False,,2020-08-05 14:21:15,2024-11-16 08:55:13
Manoscritti Italiani Volgari del 17° secolo,https://miv17.labdilef.it/,True,,,,,KNOT,http://purl.org/knot/data/miv17-project,False,,2022-06-30 16:45:39,2024-12-05 20:14:13
Archivio Musicale dell'Orchestra Sinfonica Nazionale della Rai,http://www.osn.teche.rai.it/Default.aspx,True,,,,,KNOT,http://purl.org/knot/data/rai-orchestra-project,False,,2021-04-15 10:02:13,2024-12-14 18:05:13
Archivio digitale del Risorgimento in Sardegna,https://storia.dh.unica.it/archiviodigitalerisorgimento/,True,,,,,KNOT,http://purl.org/knot/data/archivio-risorgimento-sardegna-project,False,,2023-01-28 07:31:05,2024-11-29 22:08:26
