categoria,institution,location,institution_url,project_name,project_link
Università,Digital Humanities Advanced Research Centre (DH.ARC) - Unibo,Bologna,https://centri.unibo.it/dharc/en/research/projects-at-dh-arc,/dh.arc - digital humanities advanced research centre,https://centri.unibo.it/dharc/en
Università,Digital Humanities Advanced Research Centre (DH.ARC) - Unibo,Bologna,https://centri.unibo.it/dharc/en/research/projects-at-dh-arc,research,https://centri.unibo.it/dharc/en/research
Università,Digital Humanities Advanced Research Centre (DH.ARC) - Unibo,Bologna,https://centri.unibo.it/dharc/en/research/projects-at-dh-arc,research topics,https://centri.unibo.it/dharc/en/research/topics
Università,Digital Humanities Advanced Research Centre (DH.ARC) - Unibo,Bologna,https://centri.unibo.it/dharc/en/research/projects-at-dh-arc,projects,https://centri.unibo.it/dharc/en/research/projects-at-dh-arc
Università,Digital Humanities Advanced Research Centre (DH.ARC) - Unibo,Bologna,https://centri.unibo.it/dharc/en/research/projects-at-dh-arc,partnerships,https://centri.unibo.it/dharc/en/research/partner
Università,Digital Humanities Advanced Research Centre (DH.ARC) - Unibo,Bologna,https://centri.unibo.it/dharc/en/research/projects-at-dh-arc,visiting fellows,https://centri.unibo.it/dharc/en/research/visiting-fellow
Università,Digital Humanities Advanced Research Centre (DH.ARC) - Unibo,Bologna,https://centri.unibo.it/dharc/en/research/projects-at-dh-arc,iccd,http://www.iccd.beniculturali.it/it/progetti/4597/arco-architettura-della-conoscenza-ontologie-per-la-descrizione-del-patrimonio-culturale
Università,Digital Humanities Advanced Research Centre (DH.ARC) - Unibo,Bologna,https://centri.unibo.it/dharc/en/research/projects-at-dh-arc,artchives - the inventory of art historians’ archives,http://artchives.fondazionezeri.unibo.it/
Università,Digital Humanities Advanced Research Centre (DH.ARC) - Unibo,Bologna,https://centri.unibo.it/dharc/en/research/projects-at-dh-arc,clef. crowdsourcing linked open entities via web forms,https://polifonia-project.github.io/clef/
Università,Digital Humanities Advanced Research Centre (DH.ARC) - Unibo,Bologna,https://centri.unibo.it/dharc/en/research/projects-at-dh-arc,clef,https://github.com/polifonia-project/registry_app
Università,Digital Humanities Advanced Research Centre (DH.ARC) - Unibo,Bologna,https://centri.unibo.it/dharc/en/research/projects-at-dh-arc,dhdkey!,https://projects.dharc.unibo.it/dhdkey/
Università,Digital Humanities Advanced Research Centre (DH.ARC) - Unibo,Bologna,https://centri.unibo.it/dharc/en/research/projects-at-dh-arc,digital library (ficlit),https://dl.ficlit.unibo.it
Università,Digital Humanities Advanced Research Centre (DH.ARC) - Unibo,Bologna,https://centri.unibo.it/dharc/en/research/projects-at-dh-arc,edizione nazionale delle opere di aldo moro,https://aldomorodigitale.unibo.it/
Università,Digital Humanities Advanced Research Centre (DH.ARC) - Unibo,Bologna,https://centri.unibo.it/dharc/en/research/projects-at-dh-arc,mario project,http://www.mario-project.eu/portal/
Università,Digital Humanities Advanced Research Centre (DH.ARC) - Unibo,Bologna,https://centri.unibo.it/dharc/en/research/projects-at-dh-arc,fp7 iks project,https://www.iks-project.eu/
Università,Digital Humanities Advanced Research Centre (DH.ARC) - Unibo,Bologna,https://centri.unibo.it/dharc/en/research/projects-at-dh-arc,knot. patrimoni culturali digitali degli atenei,https://icdp-digital-library.github.io/KNOT/
Università,Digital Humanities Advanced Research Centre (DH.ARC) - Unibo,Bologna,https://centri.unibo.it/dharc/en/research/projects-at-dh-arc,catalogue,https://projects.dharc.unibo.it/knot/
Università,Digital Humanities Advanced Research Centre (DH.ARC) - Unibo,Bologna,https://centri.unibo.it/dharc/en/research/projects-at-dh-arc,leggo manzoni,https://projects.dharc.unibo.it/leggomanzoni/
Università,Digital Humanities Advanced Research Centre (DH.ARC) - Unibo,Bologna,https://centri.unibo.it/dharc/en/research/projects-at-dh-arc,lift - linked data from tei,https://projects.dharc.unibo.it/lift/
Università,Digital Humanities Advanced Research Centre (DH.ARC) - Unibo,Bologna,https://centri.unibo.it/dharc/en/research/projects-at-dh-arc,mauth - mining authoritativeness in art history,http://projects.dharc.unibo.it/mauth/search
Università,Digital Humanities Advanced Research Centre (DH.ARC) - Unibo,Bologna,https://centri.unibo.it/dharc/en/research/projects-at-dh-arc,melody. make me a linked open data story,https://projects.dharc.unibo.it/melody/
Università,Digital Humanities Advanced Research Centre (DH.ARC) - Unibo,Bologna,https://centri.unibo.it/dharc/en/research/projects-at-dh-arc,odi: uno studio su il castello dei destini incrociati di italo calvino,https://projects.dharc.unibo.it/odi/
Università,Digital Humanities Advanced Research Centre (DH.ARC) - Unibo,Bologna,https://centri.unibo.it/dharc/en/research/projects-at-dh-arc,philoeditor,http://projects.dharc.unibo.it/philoeditor/
Università,Digital Humanities Advanced Research Centre (DH.ARC) - Unibo,Bologna,https://centri.unibo.it/dharc/en/research/projects-at-dh-arc,ragu - reti e archivi del gusto,https://raguproject.github.io/
Università,Digital Humanities Advanced Research Centre (DH.ARC) - Unibo,Bologna,https://centri.unibo.it/dharc/en/research/projects-at-dh-arc,semantic digital edition of paolo bufalini’s notebook,http://projects.dharc.unibo.it/bufalini-notebook/
Università,Digital Humanities Advanced Research Centre (DH.ARC) - Unibo,Bologna,https://centri.unibo.it/dharc/en/research/projects-at-dh-arc,semantic digital edition of vespasiano da bisticci’s letters,http://vespasianodabisticciletters.unibo.it/
Università,Digital Humanities Advanced Research Centre (DH.ARC) - Unibo,Bologna,https://centri.unibo.it/dharc/en/research/projects-at-dh-arc,knowledge site,http://projects.dharc.unibo.it/vespasiano/
Università,Digital Humanities Advanced Research Centre (DH.ARC) - Unibo,Bologna,https://centri.unibo.it/dharc/en/research/projects-at-dh-arc,śivadharma database,https://shivadharmaproject.com/the-sivadhama-infrastructure-modeling-a-web-application-for-managing-scholarly-data/
Università,Digital Humanities Advanced Research Centre (DH.ARC) - Unibo,Bologna,https://centri.unibo.it/dharc/en/research/projects-at-dh-arc,spice,https://cordis.europa.eu/project/id/870811
Università,Digital Humanities Advanced Research Centre (DH.ARC) - Unibo,Bologna,https://centri.unibo.it/dharc/en/research/projects-at-dh-arc,upgrading history. diaries from the war front,http://projects.dharc.unibo.it/uhdw/
Università,Venice Centre for Digital and Public Humanities (VeDPH),Venezia,https://www.unive.it/pag/47701/,research,https://www.unive.it/pag/40315/
Università,Venice Centre for Digital and Public Humanities (VeDPH),Venezia,https://www.unive.it/pag/47701/,www.unive.it/liber,https://pric.unive.it/projects/liber/home
Università,Venice Centre for Digital and Public Humanities (VeDPH),Venezia,https://www.unive.it/pag/47701/,musisque deoque project [ita],http://www.mqdq.it
Università,Venice Centre for Digital and Public Humanities (VeDPH),Venezia,https://www.unive.it/pag/47701/,laboratory of greek epigraphy,http://it/264/laboratorio-di-epigrafia-greca
Università,Venice Centre for Digital and Public Humanities (VeDPH),Venezia,https://www.unive.it/pag/47701/,digital epigraphy and archaeology project,https://www.digitalepigraphy.org/
Università,Venice Centre for Digital and Public Humanities (VeDPH),Venezia,https://www.unive.it/pag/47701/,"italian ministry of education, universities and research (miur) [ita]",https://miur.gov.it/
Università,Venice Centre for Digital and Public Humanities (VeDPH),Venezia,https://www.unive.it/pag/47701/,department of excellence project [ita],https://www.unive.it/pag/47701/?id=33924
Università,Venice Centre for Digital and Public Humanities (VeDPH),Venezia,https://www.unive.it/pag/47702/,www.unive.it/archivio-fonti-orali,https://pric.unive.it/progetti/archivio-fonti-orali/home
Università,Venice Centre for Digital and Public Humanities (VeDPH),Venezia,https://www.unive.it/pag/47702/,https://www.medici.org/the-falconieri-project/,https://www.medici.org/the-falconieri-project/
Università,Venice Centre for Digital and Public Humanities (VeDPH),Venezia,https://www.unive.it/pag/47702/,https://www.odycceus.eu/project/,https://www.odycceus.eu/project/
Università,Venice Centre for Digital and Public Humanities (VeDPH),Venezia,https://www.unive.it/pag/47702/,department of excellence project [ita],https://www.unive.it/pag/47702/?id=33924
Università,Venice Centre for Digital and Public Humanities (VeDPH),Venezia,https://www.unive.it/pag/47703/,department of excellence project [ita],https://www.unive.it/pag/47703/?id=33924
Università,Venice Centre for Digital and Public Humanities (VeDPH),Venezia,https://www.unive.it/pag/47704/,department of excellence project [ita],https://www.unive.it/pag/47704/?id=33924
Università,Digital Culture Laboratory - Pisa,Pisa,https://www.labcd.unipi.it/progetti/,laboratorio,https://www.labcd.unipi.it/laboratorio/
Università,Digital Culture Laboratory - Pisa,Pisa,https://www.labcd.unipi.it/progetti/,organizzazione,https://www.labcd.unipi.it/laboratorio/filosofia/
Università,Digital Culture Laboratory - Pisa,Pisa,https://www.labcd.unipi.it/progetti/,missione,https://www.labcd.unipi.it/laboratorio/missione/
Università,Digital Culture Laboratory - Pisa,Pisa,https://www.labcd.unipi.it/progetti/,persone,https://www.labcd.unipi.it/laboratorio/persone/
Università,Digital Culture Laboratory - Pisa,Pisa,https://www.labcd.unipi.it/progetti/,dipartimenti,https://www.labcd.unipi.it/laboratorio/dipartimenti/
Università,Digital Culture Laboratory - Pisa,Pisa,https://www.labcd.unipi.it/progetti/,storia,https://www.labcd.unipi.it/laboratorio/storia-2/
Università,Digital Culture Laboratory - Pisa,Pisa,https://www.labcd.unipi.it/progetti/,regolamento,https://www.labcd.unipi.it/laboratorio/regolamento/
Università,Digital Culture Laboratory - Pisa,Pisa,https://www.labcd.unipi.it/progetti/,partner,https://www.labcd.unipi.it/laboratorio/partner/
Università,Digital Culture Laboratory - Pisa,Pisa,https://www.labcd.unipi.it/progetti/,progetti,https://www.labcd.unipi.it/progetti
Università,Digital Culture Laboratory - Pisa,Pisa,https://www.labcd.unipi.it/progetti/,tutti i progetti,http://www.labcd.unipi.it/tutti-i-progetti
Università,Digital Culture Laboratory - Pisa,Pisa,https://www.labcd.unipi.it/progetti/,https://www.labcd.unipi.it/progetti/i-confini-della-lunigiana/,https://www.labcd.unipi.it/progetti/i-confini-della-lunigiana/
Università,Digital Culture Laboratory - Pisa,Pisa,https://www.labcd.unipi.it/progetti/,https://www.labcd.unipi.it/progetti/teatro-in-fuga-digitale/,https://www.labcd.unipi.it/progetti/teatro-in-fuga-digitale/
Università,Digital Culture Laboratory - Pisa,Pisa,https://www.labcd.unipi.it/progetti/,https://www.labcd.unipi.it/progetti/teddy-4-kids/,https://www.labcd.unipi.it/progetti/teddy-4-kids/
Università,Digital Culture Laboratory - Pisa,Pisa,https://www.labcd.unipi.it/progetti/,https://www.labcd.unipi.it/progetti/i-quaderni-del-laboratorio-di-cultura-digitale/,https://www.labcd.unipi.it/progetti/i-quaderni-del-laboratorio-di-cultura-digitale/
Università,Digital Culture Laboratory - Pisa,Pisa,https://www.labcd.unipi.it/progetti/,https://www.labcd.unipi.it/progetti/fibonacci-1202-2021/,https://www.labcd.unipi.it/progetti/fibonacci-1202-2021/
Università,Digital Culture Laboratory - Pisa,Pisa,https://www.labcd.unipi.it/progetti/,https://www.labcd.unipi.it/progetti/i-registri-parrocchiali-di-monterosso-al-mare/,https://www.labcd.unipi.it/progetti/i-registri-parrocchiali-di-monterosso-al-mare/
Università,Digital Culture Laboratory - Pisa,Pisa,https://www.labcd.unipi.it/progetti/,https://www.labcd.unipi.it/progetti/7075/,https://www.labcd.unipi.it/progetti/7075/
Università,Digital Culture Laboratory - Pisa,Pisa,https://www.labcd.unipi.it/progetti/,https://www.labcd.unipi.it/progetti/odonomastica-femminile/,https://www.labcd.unipi.it/progetti/odonomastica-femminile/
Università,Digital Culture Laboratory - Pisa,Pisa,https://www.labcd.unipi.it/progetti/,2,https://www.labcd.unipi.it/progetti/page/2/
Università,Digital Culture Laboratory - Pisa,Pisa,https://www.labcd.unipi.it/progetti/,7,https://www.labcd.unipi.it/progetti/page/7/
Università,Digital Culture Laboratory - Pisa,Pisa,https://www.labcd.unipi.it/progetti/,https://www.labcd.unipi.it/progetti-europei,https://www.labcd.unipi.it/progetti-europei
Università,Digital Culture Laboratory - Pisa,Pisa,https://www.labcd.unipi.it/progetti/,progettazione web,https://www.labcd.unipi.it/progetti/categoria/progettazione-web/
Università,Digital Culture Laboratory - Pisa,Pisa,https://www.labcd.unipi.it/progetti/,multimedia,https://www.labcd.unipi.it/progetti/categoria/multimedia/
Università,Digital Culture Laboratory - Pisa,Pisa,https://www.labcd.unipi.it/progetti/,web grafica,https://www.labcd.unipi.it/progetti/categoria/web-grafica/
Università,Digital Culture Laboratory - Pisa,Pisa,https://www.labcd.unipi.it/progetti/,public history,https://www.labcd.unipi.it/progetti/categoria/public-history/
Università,Digital Culture Laboratory - Pisa,Pisa,https://www.labcd.unipi.it/progetti/,wordpress,https://www.labcd.unipi.it/progetti/categoria/wordpress/
Università,Digital Culture Laboratory - Pisa,Pisa,https://www.labcd.unipi.it/progetti/,storia digitale,https://www.labcd.unipi.it/progetti/categoria/storia-digitale/
Università,Digital Culture Laboratory - Pisa,Pisa,https://www.labcd.unipi.it/progetti/,editoria elettronica,https://www.labcd.unipi.it/progetti/categoria/editoria-elettronica/
Università,Digital Culture Laboratory - Pisa,Pisa,https://www.labcd.unipi.it/progetti/,archivi,https://www.labcd.unipi.it/progetti/categoria/archivi/
Università,Digital Culture Laboratory - Pisa,Pisa,https://www.labcd.unipi.it/progetti/,bibliografia on line,https://www.labcd.unipi.it/progetti/categoria/bibliografia-on-line/
Università,Digital Culture Laboratory - Pisa,Pisa,https://www.labcd.unipi.it/progetti/,storia dell'arte,https://www.labcd.unipi.it/progetti/categoria/storia-dellarte/
Università,Digital Culture Laboratory - Pisa,Pisa,https://www.labcd.unipi.it/progetti/,elearning,https://www.labcd.unipi.it/progetti/categoria/elearning/
Università,Digital Culture Laboratory - Pisa,Pisa,https://www.labcd.unipi.it/progetti/,grafica 3d,https://www.labcd.unipi.it/progetti/categoria/grafica-3d/
Università,Digital Culture Laboratory - Pisa,Pisa,https://www.labcd.unipi.it/progetti/,transmedia storytelling,https://www.labcd.unipi.it/progetti/categoria/transmedia-storytelling/
Università,Digital Culture Laboratory - Pisa,Pisa,https://www.labcd.unipi.it/progetti/,webgis,https://www.labcd.unipi.it/progetti/categoria/webgis/
Università,Digital Culture Laboratory - Pisa,Pisa,https://www.labcd.unipi.it/progetti/,linguistica computazionale,https://www.labcd.unipi.it/progetti/categoria/linguistica-computazionale/
Università,Digital Culture Laboratory - Pisa,Pisa,https://www.labcd.unipi.it/progetti/,teatro,https://www.labcd.unipi.it/progetti/categoria/teatro/
Università,Digital Culture Laboratory - Pisa,Pisa,https://www.labcd.unipi.it/progetti/,infanzia,https://www.labcd.unipi.it/progetti/categoria/infanzia/
Università,Digital Culture Laboratory - Pisa,Pisa,https://www.labcd.unipi.it/progetti/,intelligenza artificiale,https://www.labcd.unipi.it/progetti/categoria/intelligenza-artificiale/
Università,Digital Culture Laboratory - Pisa,Pisa,https://www.labcd.unipi.it/progetti/,medicina,https://www.labcd.unipi.it/progetti/categoria/medicina/
Università,Digital Culture Laboratory - Pisa,Pisa,https://www.labcd.unipi.it/progetti/,app,https://www.labcd.unipi.it/progetti/categoria/app/
Università,Digital Culture Laboratory - Pisa,Pisa,https://www.labcd.unipi.it/progetti/,podcast,https://www.labcd.unipi.it/progetti/categoria/podcast/
Università,Digital Culture Laboratory - Pisa,Pisa,https://www.labcd.unipi.it/progetti/,grafica tradizionale,https://www.labcd.unipi.it/progetti/categoria/grafica-tradizionale/
Università,DigiLab – Interdepartmental Center for research and services - la sapienza,Roma,https://digilab.uniroma1.it/ricerca/progetti-corso,italiano,https://digilab.uniroma1.it/ricerca/progetti-corso
Università,DigiLab – Interdepartmental Center for research and services - la sapienza,Roma,https://digilab.uniroma1.it/ricerca/progetti-corso,english,https://digilab.uniroma1.it/en/research/current-projects
Università,DigiLab – Interdepartmental Center for research and services - la sapienza,Roma,https://digilab.uniroma1.it/ricerca/progetti-corso,centro di ricerca digilab,https://digilab.uniroma1.it/
Università,DigiLab – Interdepartmental Center for research and services - la sapienza,Roma,https://digilab.uniroma1.it/ricerca/progetti-corso,ricercatori,https://digilab.uniroma1.it/centro/ricercatori-0
Università,DigiLab – Interdepartmental Center for research and services - la sapienza,Roma,https://digilab.uniroma1.it/ricerca/progetti-corso,ricerca,https://digilab.uniroma1.it/ricerca
Università,DigiLab – Interdepartmental Center for research and services - la sapienza,Roma,https://digilab.uniroma1.it/ricerca/progetti-corso,progetti conclusi,https://digilab.uniroma1.it/ricerca/progetti-conclusi
Università,DigiLab – Interdepartmental Center for research and services - la sapienza,Roma,https://digilab.uniroma1.it/ricerca/progetti-corso,patrimoni culturali e digital curation,https://digilab.uniroma1.it/attivit/patrimoni-culturali-e-digital-curation
Università,DigiLab – Interdepartmental Center for research and services - la sapienza,Roma,https://digilab.uniroma1.it/ricerca/progetti-corso,osservatorio ospac,https://digilab.uniroma1.it/ricerca/progetti-corso/osservatorio-ospac
Università,DigiLab – Interdepartmental Center for research and services - la sapienza,Roma,https://digilab.uniroma1.it/ricerca/progetti-corso,hermes,https://digilab.uniroma1.it/ricerca/progetti-corso/hermes
Università,DigiLab – Interdepartmental Center for research and services - la sapienza,Roma,https://digilab.uniroma1.it/ricerca/progetti-corso,artemisia,https://digilab.uniroma1.it/ricerca/progetti-corso/artemisia
Università,DigiLab – Interdepartmental Center for research and services - la sapienza,Roma,https://digilab.uniroma1.it/ricerca/progetti-corso,attract,https://digilab.uniroma1.it/ricerca/progetti-corso/attract
Università,DigiLab – Interdepartmental Center for research and services - la sapienza,Roma,https://digilab.uniroma1.it/ricerca/progetti-corso,int4ct,https://digilab.uniroma1.it/ricerca/progetti-corso/int4ct
Università,DigiLab – Interdepartmental Center for research and services - la sapienza,Roma,https://digilab.uniroma1.it/ricerca/progetti-corso,step,https://digilab.uniroma1.it/ricerca/progetti-corso/step
Università,DigiLab – Interdepartmental Center for research and services - la sapienza,Roma,https://digilab.uniroma1.it/ricerca/progetti-corso,sanlo,https://digilab.uniroma1.it/ricerca/progetti-corso/sanlo
Università,DigiLab – Interdepartmental Center for research and services - la sapienza,Roma,https://digilab.uniroma1.it/ricerca/progetti-corso,contamination lab celio,https://digilab.uniroma1.it/ricerca/progetti-corso/contamination-lab-celio
Università,DigiLab – Interdepartmental Center for research and services - la sapienza,Roma,https://digilab.uniroma1.it/ricerca/progetti-corso,picturing a lost empire,https://digilab.uniroma1.it/ricerca/progetti-corso/picturing-lost-empire
Università,DigiLab – Interdepartmental Center for research and services - la sapienza,Roma,https://digilab.uniroma1.it/ricerca/progetti-corso,mirror lab,https://digilab.uniroma1.it/ricerca/progetti-corso/mirror-lab
Università,DigiLab – Interdepartmental Center for research and services - la sapienza,Roma,https://digilab.uniroma1.it/ricerca/progetti-corso,new_times,https://digilab.uniroma1.it/ricerca/progetti-corso/newtimes
Università,Laboratory Vast-Lab - Prato ,Prato,https://vast-lab.org/progetti/,progetti,https://vast-lab.org/progetti/
Università,Laboratory Vast-Lab - Prato ,Prato,https://vast-lab.org/progetti/,atrium,https://vast-lab.org/progetti/atrium/
Università,Laboratory Vast-Lab - Prato ,Prato,https://vast-lab.org/progetti/,4ch,https://vast-lab.org/progetti/4-ch/
Università,Laboratory Vast-Lab - Prato ,Prato,https://vast-lab.org/progetti/,ariadneplus,https://vast-lab.org/progetti/ariadneplus/
Università,Laboratory Vast-Lab - Prato ,Prato,https://vast-lab.org/progetti/,parthenos,https://vast-lab.org/progetti/parthenos/
Università,Laboratory Vast-Lab - Prato ,Prato,https://vast-lab.org/progetti/,ariadne,https://vast-lab.org/progetti/ariadne/
Università,Laboratory Vast-Lab - Prato ,Prato,https://vast-lab.org/progetti/,e-rihs,https://vast-lab.org/progetti/erihs/
Università,Laboratory Vast-Lab - Prato ,Prato,https://vast-lab.org/progetti/,riscape,https://vast-lab.org/progetti/riscape/
Università,Laboratory Vast-Lab - Prato ,Prato,https://vast-lab.org/progetti/,eosc pilot,https://vast-lab.org/progetti/eosc/
Università,Laboratory Vast-Lab - Prato ,Prato,https://vast-lab.org/progetti/,openaire,https://vast-lab.org/progetti/openaire/
Università,Laboratory Vast-Lab - Prato ,Prato,https://vast-lab.org/progetti/,creativech,https://vast-lab.org/progetti/creativech/
Università,Laboratory Vast-Lab - Prato ,Prato,https://vast-lab.org/progetti/,3d coform,https://vast-lab.org/progetti/3dcoform-2/
Università,Laboratory Vast-Lab - Prato ,Prato,https://vast-lab.org/progetti/,epoch,https://vast-lab.org/progetti/epoch/
Università,Laboratory Vast-Lab - Prato ,Prato,https://vast-lab.org/progetti/,3d icons,https://vast-lab.org/progetti/3dicons/
Università,Laboratory Vast-Lab - Prato ,Prato,https://vast-lab.org/progetti/,chiron,https://vast-lab.org/progetti/chiron/
Università,Laboratory Vast-Lab - Prato ,Prato,https://vast-lab.org/progetti/,coins,https://vast-lab.org/progetti/coins/
Università,CRR-MM - unibo,Bologna,https://sba.unibo.it/it/almadl/collezioni/portfolio-crrmm,progetti,https://sba.unibo.it/it/chi-siamo/progetti
Università,CRR-MM - unibo,Bologna,https://sba.unibo.it/it/almadl/collezioni/portfolio-crrmm,altri strumenti di ricerca di ateneo,https://sba.unibo.it/it/cataloghi/altri-strumenti-di-ricerca-di-ateneo
Università,CRR-MM - unibo,Bologna,https://sba.unibo.it/it/almadl/collezioni/portfolio-crrmm,sale studio,http://www.unibo.it/it/servizi-e-opportunita/biblioteche-risorse-digitali-e-sale-studio/sale-studio
Università,"Centro Interdipartimentale di Ricerca ""Digital Scholarship for the Humanities"" DISH Università di Torino",Torino,http://vcg.isti.cnr.it/cross/,"Project at Centro Interdipartimentale di Ricerca ""Digital Scholarship for the Humanities"" DISH Università di Torino",http://vcg.isti.cnr.it/cross/
Università,"Centro Interdipartimentale di Ricerca ""Digital Scholarship for the Humanities"" DISH Università di Torino",Torino,http://pelavicino.labcd.unipi.it/,"Project at Centro Interdipartimentale di Ricerca ""Digital Scholarship for the Humanities"" DISH Università di Torino",http://pelavicino.labcd.unipi.it/
Università,"Centro Interdipartimentale di Ricerca ""Digital Scholarship for the Humanities"" DISH Università di Torino",Torino,http://vcg.isti.cnr.it/activities/visionarycross/,"Project at Centro Interdipartimentale di Ricerca ""Digital Scholarship for the Humanities"" DISH Università di Torino",http://vcg.isti.cnr.it/activities/visionarycross/
Università,"Centro Interdipartimentale di Ricerca ""Digital Scholarship for the Humanities"" DISH Università di Torino",Torino,http://vbd.humnet.unipi.it/beta2/,"Project at Centro Interdipartimentale di Ricerca ""Digital Scholarship for the Humanities"" DISH Università di Torino",http://vbd.humnet.unipi.it/beta2/
Università,"Centro Interdipartimentale di Ricerca ""Digital Scholarship for the Humanities"" DISH Università di Torino",Torino,http://iu.di.unipi.it/flos/,"Project at Centro Interdipartimentale di Ricerca ""Digital Scholarship for the Humanities"" DISH Università di Torino",http://iu.di.unipi.it/flos/
Università,"Centro Interdipartimentale di Ricerca ""Digital Scholarship for the Humanities"" DISH Università di Torino",Torino,http://www.labcd.unipi.it/matildedicanossa,"Project at Centro Interdipartimentale di Ricerca ""Digital Scholarship for the Humanities"" DISH Università di Torino",http://www.labcd.unipi.it/matildedicanossa
Università,"Centro Interdipartimentale di Ricerca ""Digital Scholarship for the Humanities"" DISH Università di Torino",Torino,https://www.classici-dse.com/,"Project at Centro Interdipartimentale di Ricerca ""Digital Scholarship for the Humanities"" DISH Università di Torino",https://www.classici-dse.com/
Università,"Centro Interdipartimentale di Ricerca ""Digital Scholarship for the Humanities"" DISH Università di Torino",Torino,https://sourceforge.net/projects/evt-project/,"Project at Centro Interdipartimentale di Ricerca ""Digital Scholarship for the Humanities"" DISH Università di Torino",https://sourceforge.net/projects/evt-project/
Università,"Centro Interdipartimentale di Ricerca ""Digital Scholarship for the Humanities"" DISH Università di Torino",Torino,http://evt.labcd.unipi.it/,"Project at Centro Interdipartimentale di Ricerca ""Digital Scholarship for the Humanities"" DISH Università di Torino",http://evt.labcd.unipi.it/
Università,"Centro Interdipartimentale di Ricerca ""Digital Scholarship for the Humanities"" DISH Università di Torino",Torino,https://www.openliterature.unito.it/,"Project at Centro Interdipartimentale di Ricerca ""Digital Scholarship for the Humanities"" DISH Università di Torino",https://www.openliterature.unito.it/
Università,Centro Interdisciplinare di Ricerche per la Computerizzazione dei Segni dell'Espressione Università Cattolica di Milano,Milano,https://centridiricerca.unicatt.it/circse/it/progetti.html,unicatt.it,https://centridiricerca.unicatt.it/circse/it.html
Università,Centro Interdisciplinare di Ricerche per la Computerizzazione dei Segni dell'Espressione Università Cattolica di Milano,Milano,https://centridiricerca.unicatt.it/circse/it/progetti.html,progetti,https://centridiricerca.unicatt.it/circse/it/progetti.html
Università,Centro Interdisciplinare di Ricerche per la Computerizzazione dei Segni dell'Espressione Università Cattolica di Milano,Milano,https://centridiricerca.unicatt.it/circse/it/progetti.html,pubblicazioni,https://centridiricerca.unicatt.it/circse/it/pubblicazioni.html
Università,Centro Interdisciplinare di Ricerche per la Computerizzazione dei Segni dell'Espressione Università Cattolica di Milano,Milano,https://centridiricerca.unicatt.it/circse/it/progetti.html,news,https://centridiricerca.unicatt.it/circse/it/news.html
Università,Centro Interdisciplinare di Ricerche per la Computerizzazione dei Segni dell'Espressione Università Cattolica di Milano,Milano,https://centridiricerca.unicatt.it/circse/it/progetti.html,eventi,https://centridiricerca.unicatt.it/circse/it/eventi.html
Università,Centro Interdisciplinare di Ricerche per la Computerizzazione dei Segni dell'Espressione Università Cattolica di Milano,Milano,https://centridiricerca.unicatt.it/circse/it/progetti.html,english version,https://centridiricerca.unicatt.it/circse/en.html
Università,Centro Interdisciplinare di Ricerche per la Computerizzazione dei Segni dell'Espressione Università Cattolica di Milano,Milano,https://centridiricerca.unicatt.it/circse/it/progetti.html,en-gb,https://centridiricerca.unicatt.it/circse/en/projects.html
Università,Centro Interdisciplinare di Ricerche per la Computerizzazione dei Segni dell'Espressione Università Cattolica di Milano,Milano,https://centridiricerca.unicatt.it/circse/it/progetti.html,il centro di ricerca,https://centridiricerca.unicatt.it/circse/it/il-centro/Il-centro.html
Università,Centro Interdisciplinare di Ricerche per la Computerizzazione dei Segni dell'Espressione Università Cattolica di Milano,Milano,https://centridiricerca.unicatt.it/circse/it/progetti.html,statuto,https://centridiricerca.unicatt.it/circse/it/il-centro/statuto.html
Università,Centro Interdisciplinare di Ricerche per la Computerizzazione dei Segni dell'Espressione Università Cattolica di Milano,Milano,https://centridiricerca.unicatt.it/circse/it/progetti.html,comitato direttivo,https://centridiricerca.unicatt.it/circse/it/il-centro/comitato-direttivo.html
Università,Centro Interdisciplinare di Ricerche per la Computerizzazione dei Segni dell'Espressione Università Cattolica di Milano,Milano,https://centridiricerca.unicatt.it/circse/it/progetti.html,comitato scientifico,https://centridiricerca.unicatt.it/circse/it/il-centro/comitato-scientifico.html
Università,Centro Interdisciplinare di Ricerche per la Computerizzazione dei Segni dell'Espressione Università Cattolica di Milano,Milano,https://centridiricerca.unicatt.it/circse/it/progetti.html,staff,https://centridiricerca.unicatt.it/circse/it/il-centro/staff.html
Università,Centro Interdisciplinare di Ricerche per la Computerizzazione dei Segni dell'Espressione Università Cattolica di Milano,Milano,https://centridiricerca.unicatt.it/circse/it/progetti.html,servizi,https://centridiricerca.unicatt.it/circse/it/il-centro/servizi.html
Università,Centro Interdisciplinare di Ricerche per la Computerizzazione dei Segni dell'Espressione Università Cattolica di Milano,Milano,https://centridiricerca.unicatt.it/circse/it/progetti.html,contatti,https://centridiricerca.unicatt.it/circse/it/il-centro/contatti.html
Università,Centro Interdisciplinare di Ricerche per la Computerizzazione dei Segni dell'Espressione Università Cattolica di Milano,Milano,https://centridiricerca.unicatt.it/circse/it/progetti.html,home,https://centridiricerca.unicatt.it/circse/it
Università,Centro Interdisciplinare di Ricerche per la Computerizzazione dei Segni dell'Espressione Università Cattolica di Milano,Milano,https://centridiricerca.unicatt.it/circse/it/progetti.html,lila,https://centridiricerca.unicatt.it/circse/it/progetti/lila.html
Università,Centro Interdisciplinare di Ricerche per la Computerizzazione dei Segni dell'Espressione Università Cattolica di Milano,Milano,https://centridiricerca.unicatt.it/circse/it/progetti.html,index thomisticus treebank,https://centridiricerca.unicatt.it/circse/it/progetti/index-thomisticus-treebank.html
Università,Centro Interdisciplinare di Ricerche per la Computerizzazione dei Segni dell'Espressione Università Cattolica di Milano,Milano,https://centridiricerca.unicatt.it/circse/it/progetti.html,word formation latin,https://centridiricerca.unicatt.it/circse/it/progetti/word-formation-latin.html
Università,Centro Interdisciplinare di Ricerche per la Computerizzazione dei Segni dell'Espressione Università Cattolica di Milano,Milano,https://centridiricerca.unicatt.it/circse/it/progetti.html,coreflat,https://centridiricerca.unicatt.it/circse/it/progetti/CorefLat.html
Università,Centro Interdisciplinare di Ricerche per la Computerizzazione dei Segni dell'Espressione Università Cattolica di Milano,Milano,https://centridiricerca.unicatt.it/circse/it/progetti.html,molor,https://centridiricerca.unicatt.it/circse/it/progetti/moLor.html
Università,Centro Interdisciplinare di Ricerche per la Computerizzazione dei Segni dell'Espressione Università Cattolica di Milano,Milano,https://centridiricerca.unicatt.it/circse/it/progetti.html,perseus digital library,http://www.perseus.tufts.edu/hopper/
Università,Centro Interdisciplinare di Ricerche per la Computerizzazione dei Segni dell'Espressione Università Cattolica di Milano,Milano,https://centridiricerca.unicatt.it/circse/it/progetti.html,university of oslo: proiel corpus,https://www.hf.uio.no/ifikk/english/research/projects/proiel/
Università,Centro Interdisciplinare di Ricerche per la Computerizzazione dei Segni dell'Espressione Università Cattolica di Milano,Milano,https://centridiricerca.unicatt.it/circse/it/progetti.html,göttingen centre for digital humanities (germany),http://www.gcdh.de/en/
Università,Centro di Informatica Umanistica - Università degli Studi di Catania,Catania,https://alpion.unict.it,Project at Centro di Informatica Umanistica - Università degli Studi di Catania,https://alpion.unict.it
Università,Centro di Informatica Umanistica - Università degli Studi di Catania,Catania,http://www.artesia.unict.it/,Project at Centro di Informatica Umanistica - Università degli Studi di Catania,http://www.artesia.unict.it/
Università,Centro di Informatica Umanistica - Università degli Studi di Catania,Catania,https://linea.unict.it,Project at Centro di Informatica Umanistica - Università degli Studi di Catania,https://linea.unict.it
Università,Centro di Informatica Umanistica - Università degli Studi di Catania,Catania,https://poichilia.unict.it,Project at Centro di Informatica Umanistica - Università degli Studi di Catania,https://poichilia.unict.it
Università,Centro di Informatica Umanistica - Università degli Studi di Catania,Catania,http://www.pirandellonazionale.it/,Project at Centro di Informatica Umanistica - Università degli Studi di Catania,http://www.pirandellonazionale.it/
Università,Laboratorio di Informatica Umanistica e Cultura Digitale - Università di Parma,Parma,https://dhlab.unipr.it/?page_id=178,progetti,http://dhlab.unipr.it/?page_id=178
Università,Laboratorio di Informatica Umanistica e Cultura Digitale - Università di Parma,Parma,https://dhlab.unipr.it/?page_id=178,frida: festivals in renaissance italy: a digital atlas,https://italianacademy.columbia.edu/content/frida
Università,Laboratorio di Informatica Umanistica e Cultura Digitale - Università di Parma,Parma,https://dhlab.unipr.it/?page_id=178,manzoni digitale,https://www.alessandromanzoni.org
Università,Laboratorio di Informatica Umanistica e Cultura Digitale - Università di Parma,Parma,https://dhlab.unipr.it/?page_id=178,the nuncio’s secret archives,https://nsa.unipr.it
Università,Laboratorio di Informatica Umanistica e Cultura Digitale - Università di Parma,Parma,https://dhlab.unipr.it/?page_id=178,"greek and latin literary papyri from graeco-roman and late antique fayum: texts, contexts, readers",http://www.papirologia.unipr.it/ricerca/prin2017.html
Università,Laboratorio di Informatica Umanistica e Cultura Digitale - Università di Parma,Parma,https://dhlab.unipr.it/?page_id=178,dea,https://www.clarin.eu/content/archilochus-paros-elegiac-fragments-xml-archive
Università,Laboratorio di Informatica Umanistica e Cultura Digitale - Università di Parma,Parma,https://dhlab.unipr.it/?page_id=178,fragmentary voices from the past,http://www.papirologia.unipr.it/ricerca/tebtynis.html
Università,Laboratorio di Informatica Umanistica e Cultura Digitale - Università di Parma,Parma,https://dhlab.unipr.it/?page_id=178,greek scholia and medieval greek,https://www.thinkbigparma.it/prima-edizione/project/cittaumentata/
Università,LUDICA: Laboratorio di Umanistica Digitale Università di Cagliari,,https://www.unica.it/unica/it/news_avvisi_s1.page?contentId=AVS162074,mur - ministero dell'università e della ricerca,http://www.istruzione.it
Università,LUDICA: Laboratorio di Umanistica Digitale Università di Cagliari,,https://www.unica.it/unica/it/news_avvisi_s1.page?contentId=AVS162074,docenti e ricercatori,https://web.unica.it/unica/it/ateneo_s07.page
Università,LUDICA: Laboratorio di Umanistica Digitale Università di Cagliari,,https://www.unica.it/unica/it/news_avvisi_s1.page?contentId=AVS162074,apprendistato di alta formazione e ricerca,https://web.unica.it/unica/it/laureati_s04.page
Università,LUDICA: Laboratorio di Umanistica Digitale Università di Cagliari,,https://www.unica.it/unica/it/news_avvisi_s1.page?contentId=AVS162074,ricerca,https://web.unica.it/unica/it/ricerca.page
Università,LUDICA: Laboratorio di Umanistica Digitale Università di Cagliari,,https://www.unica.it/unica/it/news_avvisi_s1.page?contentId=AVS162074,fare ricerca in unica,https://web.unica.it/unica/it/ricerca_s08.page
Università,LUDICA: Laboratorio di Umanistica Digitale Università di Cagliari,,https://www.unica.it/unica/it/news_avvisi_s1.page?contentId=AVS162074,valutazione della ricerca,https://web.unica.it/unica/it/ricerca_s02.page
Università,LUDICA: Laboratorio di Umanistica Digitale Università di Cagliari,,https://www.unica.it/unica/it/news_avvisi_s1.page?contentId=AVS162074,accordi con enti di ricerca,https://web.unica.it/unica/it/ricerca_s03.page
Università,LUDICA: Laboratorio di Umanistica Digitale Università di Cagliari,,https://www.unica.it/unica/it/news_avvisi_s1.page?contentId=AVS162074,centri di ricerca,https://web.unica.it/unica/it/ricerca_s04.page
Università,LUDICA: Laboratorio di Umanistica Digitale Università di Cagliari,,https://www.unica.it/unica/it/news_avvisi_s1.page?contentId=AVS162074,finanziamenti alla ricerca,https://web.unica.it/unica/it/ricerca_s05.page
Università,LUDICA: Laboratorio di Umanistica Digitale Università di Cagliari,,https://www.unica.it/unica/it/news_avvisi_s1.page?contentId=AVS162074,public engagement,https://web.unica.it/unica/it/ricerca_s09.page
Università,LUDICA: Laboratorio di Umanistica Digitale Università di Cagliari,,https://www.unica.it/unica/it/news_avvisi_s1.page?contentId=AVS162074,sardegna laboratori,https://web.unica.it/unica/it/ricerca_s06.page
Università,LUDICA: Laboratorio di Umanistica Digitale Università di Cagliari,,https://www.unica.it/unica/it/news_avvisi_s1.page?contentId=AVS162074,utilizzo spazi universitari,https://web.unica.it/unica/it/ricerca_s07.page
Università,LUDICA: Laboratorio di Umanistica Digitale Università di Cagliari,,https://www.unica.it/unica/it/news_avvisi_s1.page?contentId=AVS162074,la ricerca a portata di mano,https://web.unica.it/unica/it/ricerca_apdm.page
Università,LUDICA: Laboratorio di Umanistica Digitale Università di Cagliari,,https://www.unica.it/unica/it/news_avvisi_s1.page?contentId=AVS162074,ricerca,https://web.unica.it/unica/it/utility_ricerca.page
Università,LUDICA: Laboratorio di Umanistica Digitale Università di Cagliari,,https://www.unica.it/unica/it/news_avvisi_s1.page?contentId=AVS162074,"settore ricerca, internazionalizzazione e rapporti con il territorio",https://web.unica.it/unica/it/ufficio_stampa_ricerca.page
Università,LUDICA: Laboratorio di Umanistica Digitale Università di Cagliari,,https://www.unica.it/unica/it/news_avvisi_s1.page?contentId=AVS162074,posta elettronica certificata,https://www.indicepa.it/ipa-portale/consultazione/domicilio-digitale/ricerca-domicili-digitali-ente/scheda-ente/22683
Istituzione,Digital humanities lab - kunsthistoriches florenz,Firenze,https://www.khi.fi.it/en/forschung/digital-humanities/index.php,departments & research groups,https://www.khi.fi.it/en/institut/forschungsbereiche.php
Istituzione,Digital humanities lab - kunsthistoriches florenz,Firenze,https://www.khi.fi.it/en/forschung/digital-humanities/index.php,research support,https://www.khi.fi.it/en/institut/foerderangebot.php
Istituzione,Digital humanities lab - kunsthistoriches florenz,Firenze,https://www.khi.fi.it/en/forschung/digital-humanities/index.php,archives,https://www.khi.fi.it/en/institut/archive.php
Istituzione,Digital humanities lab - kunsthistoriches florenz,Firenze,https://www.khi.fi.it/en/forschung/digital-humanities/index.php,research,https://www.khi.fi.it/en/forschung/index.php
Istituzione,Digital humanities lab - kunsthistoriches florenz,Firenze,https://www.khi.fi.it/en/forschung/digital-humanities/index.php,research group hannah baader,https://www.khi.fi.it/en/forschung/senior-research-scholar-baader/index.php
Istituzione,Digital humanities lab - kunsthistoriches florenz,Firenze,https://www.khi.fi.it/en/forschung/digital-humanities/index.php,research group hana gründler,https://www.khi.fi.it/en/forschung/senior-research-scholar-gruendler/index.php
Istituzione,Digital humanities lab - kunsthistoriches florenz,Firenze,https://www.khi.fi.it/en/forschung/digital-humanities/index.php,4a_lab research program,https://www.khi.fi.it/en/forschung/4a-laboratory/index.php
Istituzione,Digital humanities lab - kunsthistoriches florenz,Firenze,https://www.khi.fi.it/en/forschung/digital-humanities/index.php,digital humanities,https://www.khi.fi.it/en/forschung/digital-humanities/index.php
Istituzione,Digital humanities lab - kunsthistoriches florenz,Firenze,https://www.khi.fi.it/en/forschung/digital-humanities/index.php,doctoral projects,https://www.khi.fi.it/en/forschung/promovierende/index.php
Istituzione,Digital humanities lab - kunsthistoriches florenz,Firenze,https://www.khi.fi.it/en/forschung/digital-humanities/index.php,postdoctoral projects,https://www.khi.fi.it/en/forschung/postdoktoranden/index.php
Istituzione,Digital humanities lab - kunsthistoriches florenz,Firenze,https://www.khi.fi.it/en/forschung/digital-humanities/index.php,staff projects,https://www.khi.fi.it/en/forschung/wissenschaftliche-mitarbeiter/index.php
Istituzione,Digital humanities lab - kunsthistoriches florenz,Firenze,https://www.khi.fi.it/en/forschung/digital-humanities/index.php,collaborative research projects,https://www.khi.fi.it/en/forschung/kooperationsprojekte/index.php
Istituzione,Digital humanities lab - kunsthistoriches florenz,Firenze,https://www.khi.fi.it/en/forschung/digital-humanities/index.php,associated projects,https://www.khi.fi.it/en/forschung/assoziierte-projekte/index.php
Istituzione,Digital humanities lab - kunsthistoriches florenz,Firenze,https://www.khi.fi.it/en/forschung/digital-humanities/index.php,completed projects,https://www.khi.fi.it/en/forschung/abgeschlossene-projekte/index.php
Istituzione,Digital humanities lab - kunsthistoriches florenz,Firenze,https://www.khi.fi.it/en/forschung/digital-humanities/index.php,research reports,https://www.khi.fi.it/en/publikationen/forschungsberichte/index.php
Istituzione,Digital humanities lab - kunsthistoriches florenz,Firenze,https://www.khi.fi.it/en/forschung/digital-humanities/index.php,digital library,https://www.khi.fi.it/en/bibliothek/digitale-bibliothek.php
Istituzione,Digital humanities lab - kunsthistoriches florenz,Firenze,https://www.khi.fi.it/en/forschung/digital-humanities/index.php,library projects,https://www.khi.fi.it/en/bibliothek/projekte.php
Istituzione,Digital humanities lab - kunsthistoriches florenz,Firenze,https://www.khi.fi.it/en/forschung/digital-humanities/index.php,digital resources,https://www.khi.fi.it/en/photothek/digitale-ressourcen.php
Istituzione,Digital humanities lab - kunsthistoriches florenz,Firenze,https://www.khi.fi.it/en/forschung/digital-humanities/index.php,projects,https://www.khi.fi.it/en/photothek/projekte.php
Istituzione,Digital humanities lab - kunsthistoriches florenz,Firenze,https://www.khi.fi.it/en/forschung/digital-humanities/index.php,de,https://www.khi.fi.it/de/forschung/digital-humanities/index.php
Istituzione,Digital humanities lab - kunsthistoriches florenz,Firenze,https://www.khi.fi.it/en/forschung/digital-humanities/index.php,it,https://www.khi.fi.it/it/forschung/digital-humanities/index.php
Istituzione,Digital humanities lab - kunsthistoriches florenz,Firenze,https://www.khi.fi.it/en/forschung/digital-humanities/index.php,"dante depicted: a commentary on image, text, and exegesis around the commedia 

					dante’s commedia was illuminated almost as soon as it came into circulation. centuries of readers and editors have been fascinated by the poem’s visua...",https://www.khi.fi.it/en/forschung/digital-humanities/dante-depicted.php
Istituzione,Digital humanities lab - kunsthistoriches florenz,Firenze,https://www.khi.fi.it/en/forschung/digital-humanities/index.php,"aby warburg's florence				

					the app aby warburg’s florence (available on the apple app store and google play store) invites the user to follow three itineraries, exploring unexpe...",https://www.khi.fi.it/en/forschung/digital-humanities/aby-warburgs-florence.php
Istituzione,Digital humanities lab - kunsthistoriches florenz,Firenze,https://www.khi.fi.it/en/forschung/digital-humanities/index.php,"gigapixel images				

					digital solutions provide new ways to create meaningful online exhibitions. the khi is developing a digital repository to host exhibitions of photogra...",https://www.khi.fi.it/en/forschung/digital-humanities/gigapixel-images.php
Istituzione,Digital humanities lab - kunsthistoriches florenz,Firenze,https://www.khi.fi.it/en/forschung/digital-humanities/index.php,"connecting the khi digital resources				

					the aim of this project is to devise linked data based solutions to create a semantic platform that enables scholars to ask research questions in a mo...",https://www.khi.fi.it/en/forschung/digital-humanities/connecting-the-khi-digital-resources.php
Istituzione,Digital humanities lab - kunsthistoriches florenz,Firenze,https://www.khi.fi.it/en/forschung/digital-humanities/index.php,"michelangelo su carta				

					to make visible the invisible. this virtual exhibition, curated by mauro mussolin and developed by the khi dh lab, focuses on some of the most difficu...",https://www.khi.fi.it/en/forschung/digital-humanities/michelangelo-su-carta.php
Istituzione,Digital humanities lab - kunsthistoriches florenz,Firenze,https://www.khi.fi.it/en/forschung/digital-humanities/index.php,"digitizing the die kirchen von siena project				

					the research project on the churches of siena (die kirchen von siena) was established by peter anselm riedl and max seidel with the aim of studying th...",https://www.khi.fi.it/en/forschung/digital-humanities/digitizing-the-die-kirchen-von-siena-project.php
Istituzione,Digital humanities lab - kunsthistoriches florenz,Firenze,https://www.khi.fi.it/en/forschung/digital-humanities/index.php,"virtual repository of photographers' sales catalogues				

					catalogues edited by photographers and photographic companies are an important source when dealing with photographs. they not only provide an overview...",https://www.khi.fi.it/en/forschung/digital-humanities/virtual-repository-of-photographers-sales-catalogues.php
Istituzione,Digital humanities lab - kunsthistoriches florenz,Firenze,https://www.khi.fi.it/en/forschung/digital-humanities/index.php,"khi digital humanities microservices environment				

					the project focuses on developing a new process in the workflow of digital humanities studies by integrating them with well-known concepts from comput...",https://www.khi.fi.it/en/forschung/digital-humanities/khi-digital-humanities-microservices-environment.php
Istituzione,Digital humanities lab - kunsthistoriches florenz,Firenze,https://www.khi.fi.it/en/forschung/digital-humanities/index.php,digital photothek,http://photothek.khi.fi.it/?Language=en
Istituzione,Digitatti - Villa I tatti Florence,Firenze,https://pharosartresearch.org/,https://pharosartresearch.org/,https://pharosartresearch.org/
Istituzione,Digitatti - Villa I tatti Florence,Firenze,https://pharosartresearch.org/,https://pharosartresearch.org/pharos/home,https://pharosartresearch.org/pharos/home
Istituzione,Digitatti - Villa I tatti Florence,Firenze,https://pharosartresearch.org/,contact,http://pharosartresearch.org/#overlay=cp/support
Istituzione,Digitatti - Villa I tatti Florence,Firenze,https://pharosartresearch.org/,about,https://pharosartresearch.org/about
Istituzione,Digitatti - Villa I tatti Florence,Firenze,https://pharosartresearch.org/,institutions,https://pharosartresearch.org/institutions
Istituzione,Digitatti - Villa I tatti Florence,Firenze,https://pharosartresearch.org/,initiatives,https://pharosartresearch.org/initiatives
Istituzione,Digitatti - Villa I tatti Florence,Firenze,https://pharosartresearch.org/,visual search,https://vision.artresearch.net/resource/start
Istituzione,Digitatti - Villa I tatti Florence,Firenze,https://pharosartresearch.org/,news,https://pharosartresearch.org/news
Istituzione,Digitatti - Villa I tatti Florence,Firenze,https://pharosartresearch.org/,https://pharosartresearch.org/news/report-ip-working-group-international-copyright,https://pharosartresearch.org/news/report-ip-working-group-international-copyright
Istituzione,Digitatti - Villa I tatti Florence,Firenze,https://pharosartresearch.org/,https://pharosartresearch.org/news/pharos-receives-andrew-w-mellon-foundation-grant,https://pharosartresearch.org/news/pharos-receives-andrew-w-mellon-foundation-grant
Istituzione,Digitatti - Villa I tatti Florence,Firenze,https://pharosartresearch.org/,https://pharosartresearch.org/news/meeting-pharos-international-consortium-photo-archives-hague-rkd-october-8-2018,https://pharosartresearch.org/news/meeting-pharos-international-consortium-photo-archives-hague-rkd-october-8-2018
Istituzione,Digitatti - Villa I tatti Florence,Firenze,https://pharosartresearch.org/,http://www.getty.edu/research/,http://www.getty.edu/research/
Istituzione,Digitatti - Villa I tatti Florence,Firenze,https://pharosartresearch.org/,contact,https://pharosartresearch.org/pharos/contact
Istituzione,Digitatti - Villa I tatti Florence,Firenze,https://pharosartresearch.org/,admin login,https://pharosartresearch.org/user?destination=home%3Fadmin_panel%3D1%26login%3D1
Istituzione,Digitatti - Villa I tatti Florence,Firenze,https://yashiro.itatti.harvard.edu/,"yamanashi, ""yashiro and the institute of art research""",https://yashiro.itatti.harvard.edu/Yamanashi
Istituzione,Digital humanties lab - Bibliotheca hertziana (rome),Roma,https://biblhertz.github.io/atlas/,digital humanities lab,https://biblhertz.github.io/BHLabs/
Istituzione,Digital humanties lab - Bibliotheca hertziana (rome),Roma,https://db.biblhertz.it/siena/siena.xql,il progetto,https://db.biblhertz.it/siena/project.xml
Istituzione,Digital humanties lab - Bibliotheca hertziana (rome),Roma,https://wissensgeschichte.biblhertz.it/3d-bridge-html/index3D.html,projectoutline,https://wissensgeschichte.biblhertz.it/3d-bridge-html/outline.html
Istituzione,Digital humanties lab - Bibliotheca hertziana (rome),Roma,https://foto.biblhertz.it/,massimo piersanti und das archivio incontri internazionali darte,https://foto.biblhertz.it/cms/Piersanti
Istituzione,Digital humanties lab - Bibliotheca hertziana (rome),Roma,https://echaurren.biblhertz.it/PE.html,programma,https://www.comicon.it/class/alla-ricerca-dellunderground-riviste-stampa-alternativa-generazioni/
Istituzione,Digital humanties lab - Bibliotheca hertziana (rome),Roma,https://dlib.biblhertz.it/perspectiva/,project partners,https://dlib.biblhertz.it/perspectiva/project.html#pro01
Istituzione,Digital humanties lab - Bibliotheca hertziana (rome),Roma,https://dlib.biblhertz.it/perspectiva/,acknowledgements,https://dlib.biblhertz.it/perspectiva/project.html#pro02
Istituzione,Digital humanties lab - Bibliotheca hertziana (rome),Roma,https://dlib.biblhertz.it/perspectiva/,contact details,https://dlib.biblhertz.it/perspectiva/project.html#pro03
Istituzione,Digital humanties lab - Bibliotheca hertziana (rome),Roma,https://editions.humanitiesconnect.pub/exist/apps/hwgw/index.html,projekt,https://editions.humanitiesconnect.pub/exist/apps/hwgw/project.html
Istituzione,Digital humanties lab - Bibliotheca hertziana (rome),Roma,https://editions.humanitiesconnect.pub/exist/apps/hwgw/index.html,zur digitalen ausgabe,https://editions.humanitiesconnect.pub/exist/apps/hwgw/s03/index.html
Istituzione,Digital humanties lab - Bibliotheca hertziana (rome),Roma,https://editions.humanitiesconnect.pub/exist/apps/hwgw/index.html,zur digitalen ausgabe,https://editions.humanitiesconnect.pub/exist/apps/hwgw/s04/index.html
Istituzione,DH Research Group – ICT Center – Fondazione Bruno Kessler ,Trento,https://dh.fbk.eu/category/projects/,projects,https://dh.fbk.eu/category/projects/
Istituzione,DH Research Group – ICT Center – Fondazione Bruno Kessler ,Trento,https://dh.fbk.eu/category/projects/,research,https://dh.fbk.eu/research/
Istituzione,DH Research Group – ICT Center – Fondazione Bruno Kessler ,Trento,https://dh.fbk.eu/category/projects/,https://dh.fbk.eu/2024/07/ai-code-ai-services-for-continuous-trust-in-emerging-digital-environments/,https://dh.fbk.eu/2024/07/ai-code-ai-services-for-continuous-trust-in-emerging-digital-environments/
Istituzione,DH Research Group – ICT Center – Fondazione Bruno Kessler ,Trento,https://dh.fbk.eu/category/projects/,https://dh.fbk.eu/2023/01/stand-by-me-project-fight-violence-against-women/,https://dh.fbk.eu/2023/01/stand-by-me-project-fight-violence-against-women/
Istituzione,DH Research Group – ICT Center – Fondazione Bruno Kessler ,Trento,https://dh.fbk.eu/category/projects/,https://dh.fbk.eu/2020/11/university-research-funding-patenting-and-technological-impact/,https://dh.fbk.eu/2020/11/university-research-funding-patenting-and-technological-impact/
Istituzione,DH Research Group – ICT Center – Fondazione Bruno Kessler ,Trento,https://dh.fbk.eu/category/projects/,https://dh.fbk.eu/2017/02/epistolario-national-edition-of-de-gasperis-letters-in-digital-format/,https://dh.fbk.eu/2017/02/epistolario-national-edition-of-de-gasperis-letters-in-digital-format/
Istituzione,DH Research Group – ICT Center – Fondazione Bruno Kessler ,Trento,https://dh.fbk.eu/category/projects/,https://dh.fbk.eu/2016/06/simpatico-h2020-project/,https://dh.fbk.eu/2016/06/simpatico-h2020-project/
Istituzione,DH Research Group – ICT Center – Fondazione Bruno Kessler ,Trento,https://dh.fbk.eu/category/projects/,https://dh.fbk.eu/2013/07/vvv-verbo-visuale-virtuale-la-piattaforma-di-ricerca-interattiva-dellarte-verbo-visuale/,https://dh.fbk.eu/2013/07/vvv-verbo-visuale-virtuale-la-piattaforma-di-ricerca-interattiva-dellarte-verbo-visuale/
Istituzione,DH Research Group – ICT Center – Fondazione Bruno Kessler ,Trento,https://dh.fbk.eu/category/projects/,https://dh.fbk.eu/2013/06/alcide-analysis-of-language-and-content-in-a-digital-environment/,https://dh.fbk.eu/2013/06/alcide-analysis-of-language-and-content-in-a-digital-environment/
Istituzione,DH Research Group – ICT Center – Fondazione Bruno Kessler ,Trento,https://dh.fbk.eu/category/projects/,21st conference on information and research science connecting to digital and library science,https://dh.fbk.eu/2024/10/ircdl2025/
CNR,ILIESI Institute - cnr roma,Roma,https://www.iliesi.cnr.it/attivita.php?tp=a_d,https://www.iliesi.cnr.it/risorsedigitali,https://www.iliesi.cnr.it/risorsedigitali
CNR,ILIESI Institute - cnr roma,Roma,https://www.iliesi.cnr.it/attivita.php?tp=a_d,risorse digitali,https://www.iliesi.cnr.it/attivita.php?tp=a_d
CNR,ILIESI Institute - cnr roma,Roma,https://www.iliesi.cnr.it/attivita.php?tp=a_d,"descartes laboratory. online cartesian studies seminarhttps://bit.ly/descartes-laboratory,  7 october 3 pm - cet time",https://www.iliesi.cnr.it/iniziative/Descartes-Lab-Poster-Andrault-DEF.pdf
CNR,ILIESI Institute - cnr roma,Roma,https://www.iliesi.cnr.it/attivita.php?tp=a_d,https://bit.ly/descartes-laboratory,https://bit.ly/descartes-laboratory
CNR,Institute for Computational Linguistics «A. Zampolli» - pisa,Pisa,https://www.ilc.cnr.it/progetti-attivi/,https://www.ilc.cnr.it/en/current-projects/,https://www.ilc.cnr.it/en/current-projects/
CNR,Institute for Computational Linguistics «A. Zampolli» - pisa,Pisa,https://www.ilc.cnr.it/progetti-attivi/,biblioteca digitale di a.zampolli,https://www.ilc.cnr.it/cenni-storici/bibliografia-di-antonio-zampolli/
CNR,Institute for Computational Linguistics «A. Zampolli» - pisa,Pisa,https://www.ilc.cnr.it/progetti-attivi/,linee di ricerca,https://www.ilc.cnr.it/linee-di-ricerca/
CNR,Institute for Computational Linguistics «A. Zampolli» - pisa,Pisa,https://www.ilc.cnr.it/progetti-attivi/,gruppi di ricerca e lab,https://www.ilc.cnr.it/gruppi-di-ricerca-e-laboratori/
CNR,Institute for Computational Linguistics «A. Zampolli» - pisa,Pisa,https://www.ilc.cnr.it/progetti-attivi/,infrastrutture di ricerca,https://www.ilc.cnr.it/infrastrutture/
CNR,Institute for Computational Linguistics «A. Zampolli» - pisa,Pisa,https://www.ilc.cnr.it/progetti-attivi/,attivi,https://www.ilc.cnr.it/progetti-attivi/
CNR,Institute for Computational Linguistics «A. Zampolli» - pisa,Pisa,https://www.ilc.cnr.it/progetti-attivi/,conclusi,https://www.ilc.cnr.it/progetti/
CNR,Institute for Computational Linguistics «A. Zampolli» - pisa,Pisa,https://www.ilc.cnr.it/progetti-attivi/,teaming-up,https://www.ilc.cnr.it/progetti/teaming-up/
CNR,Institute for Computational Linguistics «A. Zampolli» - pisa,Pisa,https://www.ilc.cnr.it/progetti-attivi/,ownw,https://www.ilc.cnr.it/progetti/ownw/
CNR,Institute for Computational Linguistics «A. Zampolli» - pisa,Pisa,https://www.ilc.cnr.it/progetti-attivi/,ekeel,https://www.ilc.cnr.it/progetti/ekeel/
CNR,Institute for Computational Linguistics «A. Zampolli» - pisa,Pisa,https://www.ilc.cnr.it/progetti-attivi/,fondamentalismi,https://www.ilc.cnr.it/progetti/fondamentalismi/
CNR,Institute for Computational Linguistics «A. Zampolli» - pisa,Pisa,https://www.ilc.cnr.it/progetti-attivi/,https://www.ilc.cnr.it/progetti/cwalm/,https://www.ilc.cnr.it/progetti/cwalm/
CNR,Institute for Computational Linguistics «A. Zampolli» - pisa,Pisa,https://www.ilc.cnr.it/progetti-attivi/,vocabo,https://www.ilc.cnr.it/progetti/vocabo/
CNR,Institute for Computational Linguistics «A. Zampolli» - pisa,Pisa,https://www.ilc.cnr.it/progetti-attivi/,readground,https://www.ilc.cnr.it/progetti/readground/
CNR,Institute for Computational Linguistics «A. Zampolli» - pisa,Pisa,https://www.ilc.cnr.it/progetti-attivi/,https://www.ilc.cnr.it/progetti/circe/,https://www.ilc.cnr.it/progetti/circe/
CNR,Institute for Computational Linguistics «A. Zampolli» - pisa,Pisa,https://www.ilc.cnr.it/progetti-attivi/,https://www.ilc.cnr.it/progetti/epica/,https://www.ilc.cnr.it/progetti/epica/
CNR,Institute for Computational Linguistics «A. Zampolli» - pisa,Pisa,https://www.ilc.cnr.it/progetti-attivi/,https://www.ilc.cnr.it/progetti/graspos/,https://www.ilc.cnr.it/progetti/graspos/
CNR,Institute for Computational Linguistics «A. Zampolli» - pisa,Pisa,https://www.ilc.cnr.it/progetti-attivi/,roads,https://www.ilc.cnr.it/progetti/roads/
CNR,Institute for Computational Linguistics «A. Zampolli» - pisa,Pisa,https://www.ilc.cnr.it/progetti-attivi/,fringe project,https://www.ilc.cnr.it/progetti/fringe-project/
CNR,Institute for Computational Linguistics «A. Zampolli» - pisa,Pisa,https://www.ilc.cnr.it/progetti-attivi/,castour,https://www.ilc.cnr.it/progetti/castour/
CNR,Institute for Computational Linguistics «A. Zampolli» - pisa,Pisa,https://www.ilc.cnr.it/progetti-attivi/,https://www.ilc.cnr.it/progetti/manuscripta-italica-allographica-mia/,https://www.ilc.cnr.it/progetti/manuscripta-italica-allographica-mia/
CNR,Institute for Computational Linguistics «A. Zampolli» - pisa,Pisa,https://www.ilc.cnr.it/progetti-attivi/,https://www.ilc.cnr.it/progetti/lucet/,https://www.ilc.cnr.it/progetti/lucet/
CNR,Institute for Computational Linguistics «A. Zampolli» - pisa,Pisa,https://www.ilc.cnr.it/progetti-attivi/,testo,https://www.ilc.cnr.it/progetti/testo/
CNR,Institute for Computational Linguistics «A. Zampolli» - pisa,Pisa,https://www.ilc.cnr.it/progetti-attivi/,https://www.ilc.cnr.it/progetti/h2iosc/,https://www.ilc.cnr.it/progetti/h2iosc/
CNR,Institute for Computational Linguistics «A. Zampolli» - pisa,Pisa,https://www.ilc.cnr.it/progetti-attivi/,lode – the language of dreams,https://www.ilc.cnr.it/progetti/lode-the-language-of-dreams/
CNR,Institute for Computational Linguistics «A. Zampolli» - pisa,Pisa,https://www.ilc.cnr.it/progetti-attivi/,https://www.ilc.cnr.it/progetti/skills4eosc/,https://www.ilc.cnr.it/progetti/skills4eosc/
CNR,Institute for Computational Linguistics «A. Zampolli» - pisa,Pisa,https://www.ilc.cnr.it/progetti-attivi/,https://www.ilc.cnr.it/progetti/greekschools-2/,https://www.ilc.cnr.it/progetti/greekschools-2/
CNR,Institute for Computational Linguistics «A. Zampolli» - pisa,Pisa,https://www.ilc.cnr.it/progetti-attivi/,cip – corpus of italian language for preschoolers,https://www.ilc.cnr.it/progetti/cip-corpus-of-italian-language-for-preschoolers/
CNR,Institute for Computational Linguistics «A. Zampolli» - pisa,Pisa,https://www.ilc.cnr.it/progetti-attivi/,atlas,https://www.ilc.cnr.it/progetti/atlas/
CNR,Institute for Computational Linguistics «A. Zampolli» - pisa,Pisa,https://www.ilc.cnr.it/progetti-attivi/,https://www.ilc.cnr.it/progetti/progetto-rut/,https://www.ilc.cnr.it/progetti/progetto-rut/
CNR,Institute for Computational Linguistics «A. Zampolli» - pisa,Pisa,https://www.ilc.cnr.it/progetti-attivi/,https://www.ilc.cnr.it/progetti/starwars/,https://www.ilc.cnr.it/progetti/starwars/
CNR,Institute for Computational Linguistics «A. Zampolli» - pisa,Pisa,https://www.ilc.cnr.it/progetti-attivi/,https://www.ilc.cnr.it/progetti/raise/,https://www.ilc.cnr.it/progetti/raise/
CNR,Institute for Computational Linguistics «A. Zampolli» - pisa,Pisa,https://www.ilc.cnr.it/progetti-attivi/,https://www.ilc.cnr.it/progetti/talmud-2/,https://www.ilc.cnr.it/progetti/talmud-2/
CNR,Institute for Computational Linguistics «A. Zampolli» - pisa,Pisa,https://www.ilc.cnr.it/progetti-attivi/,xai-care,https://www.ilc.cnr.it/progetti/xai-care/
CNR,Institute for Computational Linguistics «A. Zampolli» - pisa,Pisa,https://www.ilc.cnr.it/progetti/,https://www.ilc.cnr.it/en/progetti/,https://www.ilc.cnr.it/en/progetti/
CNR,Institute for Computational Linguistics «A. Zampolli» - pisa,Pisa,https://www.ilc.cnr.it/progetti/,https://www.ilc.cnr.it/progetti/triplo-plus-2/,https://www.ilc.cnr.it/progetti/triplo-plus-2/
CNR,Institute for Computational Linguistics «A. Zampolli» - pisa,Pisa,https://www.ilc.cnr.it/progetti/,gra.fo reloaded,https://www.ilc.cnr.it/progetti/gra-fo-reloaded/
CNR,Institute for Computational Linguistics «A. Zampolli» - pisa,Pisa,https://www.ilc.cnr.it/progetti/,https://www.ilc.cnr.it/progetti/itant/,https://www.ilc.cnr.it/progetti/itant/
CNR,Institute for Computational Linguistics «A. Zampolli» - pisa,Pisa,https://www.ilc.cnr.it/progetti/,https://www.ilc.cnr.it/progetti/dhelp4h/,https://www.ilc.cnr.it/progetti/dhelp4h/
CNR,Institute for Computational Linguistics «A. Zampolli» - pisa,Pisa,https://www.ilc.cnr.it/progetti/,https://www.ilc.cnr.it/progetti/lithme-2/,https://www.ilc.cnr.it/progetti/lithme-2/
CNR,Institute for Computational Linguistics «A. Zampolli» - pisa,Pisa,https://www.ilc.cnr.it/progetti/,https://www.ilc.cnr.it/progetti/blue-lab-net/,https://www.ilc.cnr.it/progetti/blue-lab-net/
CNR,Institute for Computational Linguistics «A. Zampolli» - pisa,Pisa,https://www.ilc.cnr.it/progetti/,https://www.ilc.cnr.it/progetti/tailor/,https://www.ilc.cnr.it/progetti/tailor/
CNR,Institute for Computational Linguistics «A. Zampolli» - pisa,Pisa,https://www.ilc.cnr.it/progetti/,bestcc study,https://www.ilc.cnr.it/progetti/bestcc-study/
CNR,Institute for Computational Linguistics «A. Zampolli» - pisa,Pisa,https://www.ilc.cnr.it/progetti/,https://www.ilc.cnr.it/progetti/travasi-2/,https://www.ilc.cnr.it/progetti/travasi-2/
CNR,Institute for Computational Linguistics «A. Zampolli» - pisa,Pisa,https://www.ilc.cnr.it/progetti/,https://www.ilc.cnr.it/progetti/diversita-religiosa/,https://www.ilc.cnr.it/progetti/diversita-religiosa/
CNR,Institute for Computational Linguistics «A. Zampolli» - pisa,Pisa,https://www.ilc.cnr.it/progetti/,2,https://www.ilc.cnr.it/progetti/page/2/
CNR,Institute for Computational Linguistics «A. Zampolli» - pisa,Pisa,https://www.ilc.cnr.it/progetti/,3,https://www.ilc.cnr.it/progetti/page/3/
CNR,Institute for Computational Linguistics «A. Zampolli» - pisa,Pisa,https://www.ilc.cnr.it/progetti/,9,https://www.ilc.cnr.it/progetti/page/9/
CNR,Visual Computing Lab – ISTI – CNR -,Pisa,https://www.labcd.unipi.it/en/osservatorio/visual-computing-lab-isti-cnr-2/,laboratory,https://www.labcd.unipi.it/en/laboratory/
CNR,Visual Computing Lab – ISTI – CNR -,Pisa,https://www.labcd.unipi.it/en/osservatorio/visual-computing-lab-isti-cnr-2/,projects,https://www.labcd.unipi.it/en/projects/
CNR,Visual Computing Lab – ISTI – CNR -,Pisa,https://www.labcd.unipi.it/en/osservatorio/visual-computing-lab-isti-cnr-2/,parthenos,http://www.parthenos-project.eu
CNR,Visual Computing Lab – ISTI – CNR -,Pisa,https://www.labcd.unipi.it/en/osservatorio/visual-computing-lab-isti-cnr-2/,https://www.labcd.unipi.it/en/osservatorio/dh-research-group-ict-center-fondazione-bruno-kessler/,https://www.labcd.unipi.it/en/osservatorio/dh-research-group-ict-center-fondazione-bruno-kessler/
CNR,Visual Computing Lab – ISTI – CNR -,Pisa,https://www.labcd.unipi.it/en/osservatorio/visual-computing-lab-isti-cnr-2/,https://www.labcd.unipi.it/en/osservatorio/digilab-interdepartmental-center-for-research-and-services/,https://www.labcd.unipi.it/en/osservatorio/digilab-interdepartmental-center-for-research-and-services/
CNR,Visual Computing Lab – ISTI – CNR -,Pisa,https://www.labcd.unipi.it/en/osservatorio/visual-computing-lab-isti-cnr-2/,https://www.labcd.unipi.it/en/osservatorio/digital-culture-laboratory/,https://www.labcd.unipi.it/en/osservatorio/digital-culture-laboratory/
CNR,Visual Computing Lab – ISTI – CNR -,Pisa,https://www.labcd.unipi.it/en/osservatorio/visual-computing-lab-isti-cnr-2/,https://www.labcd.unipi.it/en/osservatorio/interdepartmental-research-center-in-digital-humanities/,https://www.labcd.unipi.it/en/osservatorio/interdepartmental-research-center-in-digital-humanities/
CNR,Visual Computing Lab – ISTI – CNR -,Pisa,https://www.labcd.unipi.it/en/osservatorio/visual-computing-lab-isti-cnr-2/,https://www.labcd.unipi.it/en/osservatorio/laboratory-of-perceptual-robotics-tecip-institute/,https://www.labcd.unipi.it/en/osservatorio/laboratory-of-perceptual-robotics-tecip-institute/
CNR,Visual Computing Lab – ISTI – CNR -,Pisa,https://www.labcd.unipi.it/en/osservatorio/visual-computing-lab-isti-cnr-2/,https://www.labcd.unipi.it/en/osservatorio/laboratory-vast-lab/,https://www.labcd.unipi.it/en/osservatorio/laboratory-vast-lab/
